Recency,Frequency,Monetary,Cluster
325,2,2.08,2
1,182,481.21,0
74,31,178.71,0
18,73,605.1,0
309,17,65.3,2
35,95,2211.1,0
203,4,24.299999999999997,2
231,58,261.22,2
213,13,54.65,2
22,59,188.87,0
32,131,438.67,0
1,19,157.21,0
7,251,2210.06,0
51,129,457.90999999999997,0
286,10,33.35,2
2,274,1083.29,0
109,23,53.17,0
7,85,162.37,0
290,23,698.0,2
3,11,35.2,0
50,166,463.9,0
44,63,244.08,0
71,52,156.07,0
310,14,64.15,2
24,33,139.25,0
2,18,119.60000000000001,0
314,77,209.35,2
129,219,656.44,0
81,41,116.6,0
21,105,355.63,0
4,91,417.04,0
184,100,309.36,2
28,30,227.27,0
337,10,23.91,2
15,100,277.77,0
79,32,127.9,0
21,93,224.76,0
71,64,145.9,0
63,27,91.00999999999999,0
15,159,629.59,0
35,126,437.0,0
45,85,169.38,0
118,59,124.75999999999999,0
302,5,48.4,2
322,11,36.2,2
49,6,53.400000000000006,0
148,54,191.39000000000001,2
21,108,305.99,0
49,77,251.59,0
32,113,353.48,0
78,114,402.04,0
300,28,176.97,2
74,61,165.54,0
66,40,210.29,0
216,18,154.26,2
23,778,2499.82,0
2,198,1074.23,0
112,34,121.19,0
63,29,136.51,0
15,46,204.18,0
95,39,127.15,0
0,126,365.05,0
162,30,83.42,2
77,36,92.32,0
194,30,118.09,2
11,35,161.17,0
25,300,1418.79,0
8,97,352.18,0
42,11,68.48,0
35,239,895.25,0
42,108,1139.49,0
0,420,920.95,0
84,54,198.13,0
79,36,197.25,0
99,16,84.28,0
1,201,809.45,0
13,98,381.7,0
366,11,40.71,2
2,12,40.08,0
20,177,1119.1299999999999,0
21,4,31.95,0
57,58,248.1,0
242,26,92.93,2
43,22,130.94,0
21,191,705.69,0
155,8,12.94,2
10,355,868.18,0
16,23,99.67,0
133,43,102.91,0
52,30,218.46,0
72,90,285.6,0
43,129,461.37,0
57,68,352.37,0
70,38,164.4,0
93,35,149.06,0
1,72,332.42,0
45,88,269.91,0
9,29,343.15,0
7,51,138.02,0
142,40,139.07,2
1,530,2263.92,0
30,391,970.12,0
28,178,2437.42,0
16,455,1324.5,0
53,36,105.88,0
0,264,1306.93,0
22,308,1333.8700000000001,0
3,36,163.36,0
3,35,91.42999999999999,0
27,154,482.7,0
22,217,739.79,0
16,81,484.21000000000004,0
32,347,1104.63,0
9,55,205.41,0
335,15,88.62,2
4,245,659.75,0
38,26,87.8,0
62,20,66.95,0
165,23,111.75,2
9,84,351.94,0
81,14,28.84,0
20,23,96.55,0
22,65,381.95,0
314,160,387.32,2
95,147,944.51,0
337,1,1126.0,2
17,15,141.7,0
300,1,4.5,2
232,23,73.5,2
133,23,106.37,0
25,68,118.32000000000001,0
283,7,38.95,2
142,33,140.69,2
65,31,81.85,0
84,36,80.57,0
266,51,168.14,2
352,16,108.5,2
77,26,70.87,0
27,281,663.29,0
0,124,351.81,0
63,17,52.59,0
78,155,526.09,0
142,38,113.84,2
38,12,60.010000000000005,0
1,110,567.36,0
8,144,420.06,0
0,71,238.12,0
81,18,52.730000000000004,0
8,95,512.34,0
59,68,264.47,0
14,17,64.76,0
29,16,59.17,0
130,63,191.23,0
91,34,151.35,0
7,273,13255.220000000001,0
28,21,76.51,0
21,274,2856.04,0
19,481,1875.34,0
29,52,188.02,0
29,20,82.27000000000001,0
74,50,201.19,0
46,70,222.0,0
197,8,63.6,2
165,5,33.6,2
78,57,176.15,0
357,10,16.8,2
38,20,182.31,0
7,196,617.78,0
49,119,319.64,0
15,33,71.83,0
1,22,27.5,0
310,22,87.28,2
4,111,315.8,0
302,16,47.43,2
7,168,535.62,0
260,21,117.1,2
281,10,24.11,2
72,20,79.12,0
22,463,1557.35,0
1,191,1061.65,0
39,34,44.9,0
8,62,269.37,0
226,28,58.7,2
315,11,57.2,2
35,89,214.55,0
34,147,263.87,0
20,120,373.0,0
72,31,116.77,0
246,24,62.58,2
39,15,43.39,0
238,22,115.1,2
2,251,791.28,0
3,126,938.1,0
233,97,339.25,2
16,12,54.6,0
7,4,46.24,0
38,10,95.8,0
28,35,157.6,0
189,70,718.6600000000001,2
316,26,98.3,2
91,18,59.599999999999994,0
108,21,55.7,0
37,119,374.73,0
50,27,118.95,0
18,214,852.51,0
9,133,376.07,0
28,62,185.77,0
28,65,368.32,0
189,29,189.81,2
58,12,23.65,0
21,3,28.95,0
78,16,41.46,0
364,3,5.4,2
57,202,435.86,0
77,60,211.07,0
22,111,545.77,0
51,65,173.88,0
57,21,94.24000000000001,0
30,163,477.71,0
277,20,112.2,2
1,105,324.41,0
84,36,145.95,0
28,41,79.08,0
21,11,73.02000000000001,0
15,95,1030.57,0
14,92,197.6,0
1,474,1373.65,0
231,11,63.13,2
275,18,47.32,2
105,38,147.14,0
211,91,210.64,2
22,307,872.0,0
10,230,675.72,0
3,43,158.14,0
9,64,287.13,0
56,31,140.65,0
58,103,327.28000000000003,0
89,101,254.73,0
66,386,1041.19,0
32,39,99.84,0
238,22,108.19999999999999,2
23,53,303.0,0
114,10,69.64999999999999,0
24,47,168.76,0
127,24,124.50999999999999,0
129,31,86.94,0
33,74,192.26,0
4,45,107.42,0
21,128,696.66,0
154,21,66.62,2
106,33,86.91,0
2,20,38.69,0
334,9,20.200000000000003,2
321,51,144.52,2
148,43,111.41,2
10,38,167.98,0
16,130,582.23,0
10,56,284.53,0
18,36,148.12,0
29,5,26.54,0
10,13,50.25,0
0,232,741.49,0
7,38,428.14,0
324,4,21.75,2
358,2,8.06,2
57,33,119.6,0
6,168,571.84,0
150,102,2524.18,0
9,94,301.0,0
329,10,37.9,2
4,42,122.99000000000001,0
11,90,287.73,0
24,45,316.27,0
41,167,1084.8700000000001,0
51,56,215.13,0
0,52,189.17,0
14,646,2061.71,0
3,524,1968.41,0
3,362,1018.24,0
7,105,266.28,0
27,157,482.15,0
371,7,22.81,2
113,171,705.33,0
25,72,205.34,0
205,16,88.42999999999999,2
27,32,161.15,0
120,41,225.87,0
69,37,144.36,0
6,27,129.21,0
20,43,210.67,0
7,270,738.13,0
79,53,163.81,0
19,12,65.3,0
63,22,58.35,0
6,90,645.7,0
14,348,984.25,0
291,33,106.81,2
29,174,724.47,0
2,256,964.82,0
96,79,227.77,0
22,142,939.13,0
0,38,95.13,0
8,259,619.5,0
105,20,69.34,0
3,69,183.94,0
150,56,306.85,2
70,19,51.72,0
4,42,149.5,0
2,359,987.0600000000001,0
31,164,509.48,0
84,57,251.27,0
3,69,220.96,0
4,53,197.22,0
370,24,98.5,2
27,124,261.23,0
10,141,466.43,0
70,46,214.79,0
113,26,96.24000000000001,0
23,277,930.75,0
179,12,42.27,2
233,22,74.2,2
352,4,4.74,2
314,43,232.89999999999998,2
332,4,22.32,2
371,11,43.45,2
77,38,152.32,0
63,27,56.0,0
133,131,402.12,0
51,229,25108.89,1
1,103,449.89,0
0,4459,14698.31,1
3,231,1171.5,0
128,15,69.3,0
80,53,121.59,0
3,230,536.39,0
235,65,132.5,2
249,6,40.199999999999996,2
86,4,2.9699999999999998,0
15,370,8012.79,0
116,97,164.96,0
51,95,305.47,0
7,69,188.79,0
137,18,31.89,0
316,45,242.44,2
3,310,951.95,0
238,32,142.6,2
210,12,31.5,2
59,55,203.54,0
16,67,257.57,0
19,51,193.47,0
20,159,586.61,0
20,30,88.15,0
4,107,405.36,0
1,86,1649.24,0
8,57,161.13,0
2,15,69.67999999999999,0
9,20,79.96000000000001,0
64,4,91.85,0
191,21,82.92,2
373,2,16.85,2
256,25,87.74,2
334,24,93.84,2
52,45,93.47,0
18,14,107.73,0
359,17,75.57,2
9,8,8.379999999999999,0
183,26,64.25,2
36,28,113.29,0
167,26,115.18,2
260,31,127.8,2
44,15,31.03,0
101,2,41.79,0
147,47,253.87,2
95,29,256.15,0
280,4,48.29,2
177,16,101.77,2
2,59,112.38,0
213,6,14.99,2
70,47,138.81,0
74,5,38.25,0
59,25,63.39,0
2,94,180.37,0
5,25,71.7,0
2,56,173.04,0
321,12,154.0,2
37,39,107.52,0
261,9,27.6,2
31,27,79.08,0
144,24,130.59,2
282,18,88.09,2
58,174,749.12,0
172,12,80.95,2
33,120,276.64,0
2,316,609.1,0
143,116,237.56,0
4,433,1040.24,0
69,34,147.23000000000002,0
65,108,368.41,0
28,52,136.82,0
266,27,75.34,2
21,84,114.74,0
30,48,140.37,0
96,47,93.96,0
289,20,70.9,2
107,84,357.54,0
78,114,332.31,0
372,3,4.65,2
7,314,806.73,0
210,46,190.55,2
51,6,25.37,0
137,3,1.97,0
25,96,296.74,0
282,26,114.81,2
25,547,732.49,0
185,107,279.45,2
365,2,14.899999999999999,2
83,11,23.22,0
326,66,164.71,2
281,4,16.15,2
142,2,0.34,2
57,85,191.63,0
3,154,292.43,0
17,49,98.03,0
44,12,24.22,0
275,7,230.8,2
8,13,83.69,0
24,42,248.93,0
87,7,111.89,0
62,72,272.06,0
67,86,322.07,0
213,7,41.53,2
23,79,144.91,0
185,3,1.1,2
30,31,68.53,0
41,24,79.4,0
204,4,10.8,2
8,125,189.19,0
264,10,56.19,2
17,71,220.43,0
11,63,160.77,0
58,4,2.09,0
39,96,642.61,0
22,75,156.96,0
2,24,65.26,0
4,50,146.24,0
148,22,149.35,2
138,105,433.35,0
127,2,9.9,0
7,52,144.12,0
16,27,106.1,0
3,741,1772.04,0
160,28,45.58,2
63,28,81.01,0
87,31,99.4,0
4,45,103.96,0
34,84,163.18,0
121,9,69.7,0
77,27,80.77,0
21,102,175.53,0
23,107,281.83,0
1,130,266.42,0
16,63,128.61,0
14,120,284.6,0
25,9,11.44,0
63,47,112.96000000000001,0
45,100,405.9,0
130,70,302.04,0
300,1,3.75,2
35,30,95.66,0
287,23,113.85,2
143,103,438.96999999999997,0
15,118,347.7,0
30,219,625.61,0
1,23,31.95,0
8,65,204.63,0
5,80,325.9,0
9,17,113.0,0
0,183,310.94,0
305,19,82.94,2
3,244,691.23,0
6,16,47.77,0
7,96,314.96,0
88,108,397.26,0
9,10,34.230000000000004,0
2,33,189.59,0
111,5,16.45,0
6,129,277.84,0
3,308,714.85,0
197,8,61.6,2
211,22,33.76,2
155,9,38.07,2
155,24,396.03000000000003,2
29,20,32.47,0
239,34,59.28,2
18,4,15.4,0
0,78,145.84,0
73,30,184.8,0
291,83,355.39,2
2,68,213.11,0
30,13,26.65,0
22,31,71.51,0
22,27,57.72,0
3,73,304.81,0
77,5,7.99,0
21,67,211.21,0
195,28,71.38,2
106,31,93.39,0
3,340,821.29,0
317,7,19.75,2
105,6,13.5,0
11,409,822.5,0
173,29,157.9,2
55,4,21.18,0
322,15,25.13,2
371,3,12.65,2
8,106,357.65,0
0,222,701.75,0
2,124,649.72,0
52,175,885.4300000000001,0
72,47,149.14,0
6,1,4.25,0
15,459,1003.49,0
3,134,509.5,0
63,40,182.1,0
0,43,36.69,0
113,26,10.4,0
22,47,47.27,0
30,10,73.88,0
10,92,304.76,0
38,75,278.01,0
356,11,29.05,2
54,37,87.77,0
57,30,55.34,0
137,48,183.43,0
79,28,77.23,0
8,43,120.57000000000001,0
253,14,88.78999999999999,2
290,33,107.54,2
98,18,28.27,0
30,35,215.0,0
31,196,798.3,0
13,136,251.28,0
63,14,55.07,0
8,422,1300.17,0
211,18,59.29,2
63,78,196.1,0
24,8,46.6,0
249,8,41.75,2
253,15,59.74,2
71,10,34.03,0
190,11,75.00999999999999,2
12,68,238.35999999999999,0
372,14,73.11,2
23,49,172.27,0
81,15,57.9,0
9,2,3.44,0
0,469,809.14,0
191,9,18.72,2
266,7,23.450000000000003,2
129,22,44.87,0
0,111,195.4,0
0,380,1510.2,0
3,6,25.0,0
178,6,3.4699999999999998,2
0,1061,2489.93,0
125,75,220.02,0
3,18,61.32,0
157,29,100.88,2
2,1853,5155.75,0
8,161,722.1899999999999,0
20,24,25.41,0
70,26,127.69999999999999,0
266,170,583.51,2
20,30,38.31,0
70,6,4.16,0
32,435,1882.21,0
0,605,1713.6,0
98,1,0.72,0
233,8,23.74,2
0,310,797.54,0
39,8,31.74,0
2,20,43.43,0
128,2,8.5,0
43,60,107.76,0
372,10,17.52,2
2,50,135.24,0
30,146,695.73,0
0,280,1033.48,0
8,132,343.84,0
116,31,151.6,0
21,76,185.01,0
19,82,291.41,0
238,1,2.55,2
268,53,88.64,2
93,55,145.01,0
89,222,698.32,0
4,142,315.92,0
77,15,43.28,0
93,2,4.5,0
22,46,154.10999999999999,0
261,3,14.8,2
273,7,37.4,2
72,105,328.79,0
196,1,0.72,2
49,139,410.31,0
10,688,1360.71,0
21,63,177.76,0
15,174,607.41,0
107,45,134.39000000000001,0
84,136,300.28,0
18,23,68.93,0
332,3,18.65,2
39,7,311.51,0
25,17,34.46,0
9,4,19.8,0
28,340,1253.52,0
13,86,247.84,0
202,75,424.76,2
5,15,19.17,0
143,1,611.86,2
32,85,247.52,0
48,89,166.45,0
94,79,158.84,0
8,121,326.24,0
21,4,12.1,0
312,8,38.9,2
121,82,118.5,0
45,42,33.64,0
281,42,99.3,2
18,65,191.64,0
35,128,408.65,0
63,13,49.17,0
26,30,47.28,0
7,48,227.65,0
3,43,113.81,0
15,293,1024.6,0
45,67,188.63,0
64,17,59.75,0
25,265,542.34,0
44,11,7.54,0
7,94,191.07,0
14,181,336.29,0
267,1,5.95,2
39,84,268.89,0
336,37,139.32,2
10,2,19.15,0
18,29,11.36,0
94,63,165.60999999999999,0
60,25,77.44,0
135,3,7.95,0
10,110,275.86,0
9,229,554.88,0
3,120,316.25,0
18,46,155.28,0
9,57,131.33,0
14,8,18.330000000000002,0
58,149,343.18,0
29,329,761.1,0
93,22,33.26,0
9,55,78.07,0
8,142,538.07,0
56,92,246.39,0
267,5,7.24,2
121,7,16.150000000000002,0
126,5,4.6499999999999995,0
77,21,95.17,0
239,66,330.95,2
199,5,9.8,2
59,109,250.79,0
2,34,87.43,0
272,16,43.39,2
201,9,23.4,2
80,2,3.58,0
225,10,40.6,2
3,588,1418.99,0
12,202,649.1,0
73,43,31.73,0
211,59,1087.33,2
24,39,157.78,0
10,32,137.38,0
261,22,33.41,2
95,67,221.99,0
111,13,27.04,0
202,57,194.86,2
92,27,101.19,0
50,16,99.7,0
17,138,254.24,0
17,25,52.69,0
124,26,69.87,0
91,23,78.91,0
156,36,41.11,2
3,14,67.42999999999999,0
13,1,0.0,0
11,36,128.32,0
61,81,191.69,0
60,8,39.74,0
268,9,49.4,2
262,11,34.02,2
0,1667,3746.93,0
52,90,214.66,0
10,202,376.87,0
2,224,786.27,0
17,440,691.15,0
0,319,830.9,0
365,1,2.95,2
36,92,112.56,0
30,15,80.09,0
112,16,20.77,0
63,30,152.93,0
15,8,11.6,0
40,46,88.64,0
63,11,30.630000000000003,0
121,82,210.58,0
17,40,186.07,0
59,7,9.15,0
322,14,57.589999999999996,2
22,187,399.21999999999997,0
155,42,111.9,2
38,31,115.72999999999999,0
189,54,199.2,2
359,11,38.15,2
136,5,12.04,0
7,59,175.7,0
0,2,7.5,0
267,5,23.75,2
164,22,54.33,2
103,81,213.65,0
154,1,12.75,2
350,21,66.4,2
3,81,272.33,0
119,1,3.75,0
22,57,180.93,0
6,107,173.14,0
8,77,258.81,0
3,26,107.14,0
21,78,166.32,0
1,74,254.87,0
36,87,379.92,0
63,135,557.79,0
0,20,57.14,0
4,500,1689.42,0
69,109,199.94,0
71,11,23.37,0
16,25,69.26,0
2,21,95.55,0
31,77,228.07,0
81,12,36.34,0
38,109,300.25,0
315,17,31.919999999999998,2
31,19,41.81,0
92,53,107.08,0
13,21,63.74,0
81,265,769.95,0
76,51,127.62,0
153,24,165.33,2
200,54,282.72,2
44,134,369.87,0
260,42,175.65,2
172,22,141.32999999999998,2
67,116,588.1,0
276,22,124.8,2
69,8,60.16,0
63,14,30.88,0
10,16,64.42,0
15,43,401.03,0
65,16,103.97,0
7,27,95.26,0
70,51,94.28,0
121,32,87.23,0
79,42,181.28,0
256,89,262.02,2
268,29,145.19,2
58,24,137.55,0
2,169,586.13,0
17,60,230.24,0
66,20,51.96,0
8,132,413.51,0
49,1,0.39,0
256,29,142.61,2
353,19,105.94,2
365,44,166.19,2
89,23,138.47,0
60,158,516.67,0
80,38,121.84,0
98,53,285.13,0
25,97,169.78,0
20,173,530.92,0
280,15,41.28,2
30,155,496.98,0
329,35,158.66,2
120,36,209.58,0
10,51,196.09,0
74,13,39.79,0
203,1,14.95,2
1,164,269.1,0
184,21,57.199999999999996,2
21,47,188.98,0
72,39,156.95,0
191,26,89.17,2
126,39,77.21000000000001,0
17,3,8.75,0
0,11,31.91,0
73,27,146.551,0
1,501,1614.5,0
8,30,74.44,0
106,18,58.75,0
133,24,44.17,0
43,19,103.65,0
4,28,177.98,0
11,314,925.9399999999999,0
63,16,16.19,0
134,10,31.89,0
39,103,217.46,0
50,128,389.84000000000003,0
107,78,205.46,0
0,159,307.85,0
18,29,47.85,0
9,71,133.43,0
10,67,81.79,0
18,54,94.13,0
66,46,147.97,0
73,10,16.52,0
4,103,304.36,0
1,12,69.96,0
13,167,816.46,0
254,54,93.17,2
91,13,25.04,0
22,62,195.23,0
16,198,635.09,0
23,19,36.57,0
26,71,109.35,0
25,434,896.82,0
258,2,590.0,2
165,17,77.28999999999999,2
24,53,253.81,0
17,65,228.95,0
6,394,967.51,0
28,17,18.02,0
38,27,42.35,0
182,10,38.75,2
57,41,131.43,0
99,18,58.26,0
10,98,267.5,0
1,306,1266.62,0
98,10,16.5,0
0,254,624.17,0
60,22,79.14,0
235,62,146.45,2
190,86,248.42000000000002,2
178,61,655.84,2
37,81,210.44,0
197,16,79.65,2
45,112,258.88,0
231,11,26.83,2
65,10,10.559999999999999,0
240,8,60.0,2
232,23,55.78,2
77,69,200.79,0
57,34,151.34,0
16,427,1505.79,0
104,14,19.84,0
51,86,290.0,0
135,50,225.08,0
274,8,103.17,2
311,18,65.97,2
7,52,137.26,0
10,36,111.74,0
282,20,63.25,2
17,45,95.83,0
22,67,238.26,0
242,53,204.01999999999998,2
16,18,32.36,0
70,17,37.08,0
63,22,81.44,0
67,227,770.46,0
311,29,80.09,2
2,162,543.38,0
243,12,62.31,2
8,44,60.03,0
0,117,277.58,0
260,15,62.03,2
126,10,36.85,0
73,4,16.700000000000003,0
72,59,127.76,0
20,44,129.7,0
59,143,417.65000000000003,0
85,36,97.53999999999999,0
49,9,62.7,0
58,95,467.25,0
0,418,769.06,0
29,5,16.35,0
32,177,1268.23,0
40,27,93.56,0
14,6,23.41,0
33,218,611.36,0
78,15,83.98,0
204,22,99.87,2
33,66,146.73,0
182,75,146.08,2
1,342,971.14,0
0,178,575.6800000000001,0
42,25,186.91,0
85,38,159.47,0
39,78,244.78,0
11,97,213.07,0
95,123,348.2,0
25,52,182.22,0
318,4,30.6,2
65,121,507.97,0
73,135,322.7,0
27,34,50.23,0
5,169,376.12,0
6,32,95.57000000000001,0
215,14,49.65,2
81,82,314.65000000000003,0
83,49,417.13,0
143,83,1947.13,0
18,38,65.31,0
40,169,317.01,0
172,43,130.6,2
16,79,240.39000000000001,0
242,27,56.77,2
12,340,587.14,0
205,33,148.58,2
49,25,88.08,0
22,46,98.8,0
9,130,416.85,0
24,85,259.15,0
14,23,97.99,0
308,10,44.800000000000004,2
155,53,106.64,2
306,24,99.94999999999999,2
31,11,94.53999999999999,0
15,180,249.35,0
14,21,140.73,0
10,89,166.39000000000001,0
64,58,230.79999999999998,0
35,16,100.16,0
107,128,559.66,0
52,26,41.48,0
5,146,348.12,0
46,36,131.01,0
0,263,727.13,0
311,19,58.22,2
44,99,184.38,0
64,23,47.4,0
25,27,57.02,0
28,40,93.77,0
39,97,307.51,0
11,217,640.4,0
88,74,176.45,0
23,195,733.75,0
312,24,80.86,2
39,44,122.75,0
173,13,13.46,2
116,19,21.45,0
30,83,315.55,0
252,19,40.67,2
58,94,287.26,0
22,59,137.13,0
4,80,168.67,0
99,12,74.72,0
24,146,467.2,0
32,186,612.25,0
67,62,149.16,0
36,64,239.73,0
51,99,235.85,0
15,8,23.94,0
73,40,57.72,0
215,57,190.85999999999999,2
30,28,67.05,0
8,148,469.57,0
119,5,16.849999999999998,0
9,79,266.46,0
256,23,73.4,2
16,98,316.14,0
34,6,36.35,0
45,63,196.77,0
42,166,419.43,0
113,56,186.46,0
164,49,84.23,2
10,16,47.89,0
9,112,500.15,0
196,107,410.38,2
85,57,190.87,0
178,13,58.5,2
59,12,44.9,0
148,83,206.65,2
2,494,1458.1200000000001,0
50,9,24.76,0
74,25,46.92,0
300,16,138.41,2
18,60,205.14,0
150,25,47.57,2
151,16,6.3,2
0,215,478.76,0
17,57,165.44,0
186,3,21.25,2
285,30,53.24,2
2,39,27.330000000000002,0
182,8,9.3,2
62,6,10.2,0
58,9,53.75,0
24,55,159.17,0
324,4,22.1,2
3,584,1163.42,0
30,90,238.22,0
38,12,16.72,0
154,14,88.29,2
25,194,308.17,0
317,1,9.95,2
4,135,450.31,0
7,28,213.04,0
302,20,55.480000000000004,2
266,48,214.24,2
270,49,98.33,2
3,345,1242.25,0
31,8,9.33,0
218,13,49.14,2
246,10,12.35,2
280,107,249.4,2
268,21,29.81,2
31,103,221.18,0
245,12,66.35,2
14,60,195.96,0
116,43,136.7,0
35,28,79.83,0
119,86,251.42,0
216,6,31.7,2
49,118,495.55,0
38,42,45.199999999999996,0
28,20,58.82,0
36,63,343.46,0
135,43,139.24,0
218,38,163.0,2
27,33,52.14,0
24,207,848.24,0
4,193,420.89,0
199,30,115.46000000000001,2
17,3,16.45,0
240,23,36.71,2
71,35,179.77,0
16,315,1306.34,0
2,42,47.379999999999995,0
94,63,115.35,0
150,26,16.99,2
373,1,9.95,2
95,28,111.9,0
53,24,120.49,0
287,9,31.770000000000003,2
123,75,227.88,0
287,35,62.8,2
151,12,28.049999999999997,2
3,322,999.58,0
1,143,390.52,0
11,117,384.69,0
32,25,84.07,0
53,57,113.12,0
49,70,206.46,0
203,14,17.64,2
62,17,55.97,0
70,207,566.2,0
1,399,1495.38,0
1,143,523.44,0
63,120,315.33,0
33,173,429.31,0
81,22,72.4,0
0,219,520.74,0
102,9,29.7,0
6,57,147.24,0
250,17,77.47,2
12,113,400.34,0
9,31,81.78,0
366,7,13.25,2
75,31,76.81,0
3,45,34.73,0
42,17,21.29,0
65,13,46.1,0
0,438,906.21,0
116,39,83.08,0
309,33,84.28,2
66,23,90.95,0
137,66,186.68,0
254,17,49.69,2
30,135,419.74,0
51,13,7.71,0
63,10,52.33,0
366,7,36.05,2
5,76,285.24,0
304,12,85.3,2
28,36,1344.23,0
183,14,564.0,2
41,36,129.1,0
39,71,308.95,0
55,58,180.68,0
21,177,455.92,0
23,33,141.55,0
28,24,77.27,0
301,36,72.13,2
144,59,194.21,2
5,96,171.89,0
18,40,156.82,0
32,46,126.63,0
157,12,72.14999999999999,2
57,92,347.46,0
21,15,28.57,0
358,1,8.5,2
15,72,288.31,0
17,4,10.6,0
158,28,141.15,2
24,55,176.03,0
211,18,37.11,2
5,165,522.93,0
252,1,0.85,2
58,206,833.12,0
10,20,49.21,0
64,9,17.59,0
24,58,207.42,0
91,5,2.31,0
51,101,305.42,0
87,94,227.82,0
95,81,181.35,0
8,24,108.71,0
8,114,528.0699999999999,0
168,17,22.99,2
56,11,47.69,0
325,28,80.86,2
0,77,270.06,0
17,142,245.89000000000001,0
244,22,53.8,2
57,30,117.07,0
73,7,23.630000000000003,0
30,60,239.74,0
6,33,61.19,0
122,304,895.44,0
1,118,398.33,0
22,338,1268.26,0
119,24,109.97,0
357,18,99.1,2
53,104,203.68,0
63,7,35.8,0
85,3,3.53,0
54,35,166.76,0
20,165,443.57,0
3,180,483.22,0
2,66,239.77,0
0,155,534.57,0
6,60,212.35,0
188,28,110.9,2
70,16,60.88,0
203,19,73.23,2
119,39,162.38,0
92,15,57.5,0
0,114,394.57,0
26,27,29.95,0
297,21,130.2,2
21,30,78.76,0
20,119,351.32,0
49,17,33.11,0
325,12,31.37,2
15,19,57.59,0
182,43,133.89,2
71,149,557.33,0
36,26,34.42,0
79,126,360.74,0
56,148,353.6,0
3,34,96.72,0
49,18,36.4,0
49,30,65.56,0
52,33,87.96,0
351,7,34.92,2
53,20,59.49,0
1,137,386.21999999999997,0
35,45,304.09,0
22,11,71.87,0
74,21,56.61,0
10,27,155.72,0
168,10,57.599999999999994,2
57,17,27.89,0
85,59,120.32000000000001,0
294,16,97.65,2
108,23,79.59,0
263,31,98.8,2
170,27,42.64,2
168,9,15.25,2
34,7,7.09,0
22,46,56.21,0
16,49,152.95,0
21,47,181.68,0
78,11,18.47,0
64,5,14.65,0
360,3,11.85,2
2,160,233.06,0
10,36,168.89,0
175,39,136.08,2
210,138,546.541,2
6,20,45.86,0
1,30,181.86,0
153,33,99.53,2
4,147,513.1,0
371,5,38.95,2
78,90,198.6,0
20,12,25.26,0
21,11,77.21,0
307,35,114.38000000000001,2
145,2,7.2,2
6,626,1849.9,0
8,158,354.1,0
70,15,38.19,0
286,11,41.32,2
48,28,61.51,0
30,331,717.57,0
206,10,35.68,2
14,15,18.16,0
72,54,98.94,0
59,11,43.06,0
38,115,258.46,0
29,112,684.1999999999999,0
26,17,34.8,0
3,353,840.09,0
16,13,24.2,0
19,239,719.25,0
65,41,107.64,0
212,16,42.56,2
11,84,129.07,0
29,5,5.85,0
31,125,704.02,0
3,148,555.58,0
14,87,192.42,0
9,212,489.63,0
205,16,29.89,2
45,40,142.16,0
133,47,113.34,0
42,171,486.33,0
9,84,185.24,0
115,30,71.12,0
197,44,122.31,2
277,11,31.15,2
109,34,46.98,0
76,39,22.15,0
52,20,62.14,0
153,162,648.63,0
46,68,177.08,0
16,39,111.11,0
154,22,99.05,2
224,28,36.27,2
6,31,89.0,0
121,16,59.22,0
60,6,12.86,0
62,15,65.49,0
17,242,983.98,0
6,258,1185.22,0
1,152,359.26,0
21,89,210.57,0
28,66,185.48,0
284,38,166.13,2
175,28,96.9,2
77,93,179.38,0
32,6,12.2,0
40,235,887.75,0
265,21,39.29,2
26,206,531.48,0
108,6,25.4,0
283,14,7.57,2
8,34,164.03,0
276,88,193.62,2
16,495,1271.26,0
31,54,83.09,0
0,215,1008.5,0
19,56,161.4,0
123,4,5.51,0
64,6,9.08,0
105,10,44.53,0
0,1110,3111.21,0
23,290,550.67,0
266,8,18.5,2
4,203,291.44,0
9,111,313.65,0
28,79,125.26,0
266,7,30.55,2
63,52,148.85,0
319,24,98.2,2
3,332,791.18,0
20,14,33.59,0
4,43,77.97,0
128,44,88.62,0
40,42,111.97,0
101,65,174.23,0
124,12,39.28,0
32,4,3.8,0
266,153,483.62,2
364,29,75.04,2
3,177,502.06,0
1,449,1087.08,0
2,69,107.83,0
9,590,3376.44,0
56,13,28.65,0
324,1,1.06,2
7,217,593.62,0
11,100,151.63,0
3,5128,41376.33,1
36,21,35.8,0
15,252,659.59,0
137,25,85.15,0
73,35,60.55,0
4,63,149.38,0
154,21,166.60999999999999,2
84,76,221.79,0
51,124,330.02,0
30,35,108.92,0
22,14,38.55,0
3,157,372.77,0
13,11,41.05,0
22,173,461.93,0
3,40,107.86,0
273,15,94.69,2
19,72,234.12,0
143,3,3.75,2
353,1,9.95,2
3,161,394.73,0
83,5,1.79,0
10,166,526.29,0
7,16,61.86,0
122,44,174.22,0
60,46,87.17,0
1,52,142.19,0
318,66,189.03,2
1,201,346.5,0
129,30,111.36,0
1,134,331.31,0
1,46,107.0,0
45,26,37.9,0
3,67,127.88,0
2,46,158.18,0
372,22,38.95,2
133,7,38.4,0
46,12,59.400000000000006,0
8,245,653.19,0
48,6,24.0,0
233,3,22.65,2
212,40,123.94,2
35,26,43.74,0
74,50,56.88,0
238,52,410.44,2
265,6,32.7,2
9,1415,6535.34,0
19,47,105.06,0
39,41,63.0,0
19,1183,1772.22,0
215,104,331.88,2
173,25,97.23,2
86,52,246.38,0
70,29,45.07,0
275,24,78.84,2
38,50,215.52,0
97,58,167.41,0
10,29,126.92999999999999,0
32,26,50.37,0
50,164,620.08,0
296,32,112.25,2
84,42,177.56,0
8,318,539.49,0
40,157,448.58,0
10,248,2332.49,0
66,24,130.04,0
330,3,179.2,2
8,71,138.18,0
1,277,605.24,0
1,263,533.0600000000001,0
67,42,114.41,0
4,604,2032.61,0
201,8,42.8,2
106,6,19.59,0
3,44,204.44,0
217,2,11.799999999999999,2
59,39,104.1,0
1,39,99.18,0
10,39,163.15,0
238,21,45.89,2
94,10,35.269999999999996,0
10,88,462.46,0
90,103,394.22,0
52,118,339.18,0
89,9,11.27,0
371,5,24.45,2
30,70,160.98,0
11,109,242.83,0
2,59,278.26,0
1,107,605.34,0
42,12,17.28,0
3,7,16.02,0
246,21,71.32000000000001,2
41,194,636.28,0
176,41,69.98,2
91,61,241.94,0
109,113,447.03,0
28,72,220.43,0
25,183,525.57,0
51,43,145.95,0
178,54,235.28,2
31,118,213.46,0
43,36,99.36,0
21,147,231.64,0
9,80,163.67000000000002,0
80,15,30.98,0
372,9,64.1,2
325,8,18.299999999999997,2
42,116,430.85,0
29,42,144.47,0
183,10,19.55,2
234,16,59.53,2
8,148,584.33,0
175,112,348.95,2
110,75,223.01,0
277,20,78.24,2
317,8,24.42,2
6,111,276.08,0
1,78,161.4,0
253,54,223.25,2
50,107,303.41,0
8,112,435.97,0
141,5,14.15,2
50,52,263.33,0
7,143,298.97,0
154,19,124.54,2
108,31,181.75,0
150,66,287.71,2
331,29,132.55,2
225,10,24.91,2
73,33,74.83,0
50,29,72.06,0
87,75,192.99,0
14,225,860.14,0
196,8,37.87,2
2,154,245.0,0
30,34,165.2,0
20,27,130.15,0
23,285,439.81,0
7,11,23.07,0
211,17,60.85,2
8,47,251.28,0
10,103,376.16,0
1,238,624.46,0
7,108,361.73,0
2,61,134.59,0
39,7,21.15,0
17,64,156.57,0
2,1640,2455.5,0
7,162,573.8,0
18,3,4.1499999999999995,0
107,16,21.53,0
222,27,112.25,2
70,110,264.84000000000003,0
50,35,146.36,0
88,180,447.56,0
7,123,308.82,0
224,27,147.76999999999998,2
46,87,308.68,0
106,8,5.33,0
20,104,381.06,0
64,24,74.34,0
206,42,82.48,2
10,123,174.5,0
114,41,123.92,0
234,9,26.65,2
162,12,31.05,2
8,268,771.97,0
123,28,84.53999999999999,0
22,25,53.58,0
63,19,159.7,0
16,163,545.98,0
15,60,134.59,0
16,90,145.36,0
157,34,128.91,2
234,18,35.19,2
218,6,17.6,2
44,129,334.85,0
20,24,75.0,0
126,71,300.02,0
38,6,20.94,0
120,60,276.14,0
259,18,53.32,2
9,31,71.9,0
270,21,46.45,2
164,1,4.25,2
156,47,181.7,2
214,6,8.2,2
5,9,11.14,0
365,11,31.35,2
59,38,146.68,0
42,40,79.31,0
18,58,228.2,0
31,117,365.0,0
21,37,85.77,0
108,69,208.8,0
7,530,1685.55,0
319,8,49.0,2
294,4,15.1,2
357,4,46.5,2
184,66,119.65,2
190,11,100.65,2
43,46,99.44,0
51,56,91.16,0
25,126,201.37,0
37,59,196.23,0
8,14,22.630000000000003,0
296,7,27.200000000000003,2
32,139,471.71,0
8,191,532.91,0
8,62,123.08,0
9,289,906.09,0
217,5,26.950000000000003,2
1,351,989.42,0
64,73,191.76,0
0,95,194.75,0
140,26,47.17,2
3,183,260.48,0
129,26,174.57,0
33,101,310.61,0
118,8,30.36,0
106,76,305.89,0
10,106,201.25,0
70,55,153.54000000000002,0
15,282,707.95,0
310,14,114.45,2
34,45,107.78999999999999,0
361,22,62.9,2
91,98,92.66,0
0,601,1770.01,0
21,14,23.36,0
3,124,265.44,0
10,202,509.59000000000003,0
84,30,46.06,0
56,27,71.15,0
0,222,623.87,0
217,3,5.949999999999999,2
17,1,6.71,0
18,264,846.92,0
49,17,33.78,0
6,141,592.85,0
298,21,111.13,2
9,377,552.72,0
21,12,53.42,0
98,9,19.06,0
142,6,111.65,2
305,9,14.35,2
319,32,207.39,2
7,55,258.63,0
0,59,369.8,0
1,68,428.33,0
53,98,247.21,0
0,277,509.95,0
18,70,180.36,0
8,20,54.35,0
18,250,413.8,0
180,40,111.62,2
59,105,208.54,0
10,60,189.78,0
189,22,83.1,2
4,954,1692.14,0
310,4,5.0200000000000005,2
154,37,127.15,2
109,17,14.879999999999999,0
147,180,669.93,0
63,239,680.88,0
97,6,35.86,0
246,123,347.49,2
28,72,273.15,0
17,89,247.02,0
11,43,208.07,0
103,265,707.81,0
73,7,28.75,0
42,30,199.26,0
71,47,163.59,0
256,17,60.05,2
19,11,20.71,0
253,18,72.3,2
10,13,39.02,0
164,30,59.82,2
17,137,332.55,0
149,10,20.62,2
49,14,29.34,0
38,46,123.15,0
26,141,364.79,0
50,49,109.74,0
206,30,53.31,2
174,17,77.22,2
6,123,372.1,0
25,7,11.629999999999999,0
50,6,12.05,0
311,19,107.43,2
300,31,147.78,2
42,193,541.89,0
25,190,374.22,0
87,7,43.5,0
63,12,24.650000000000002,0
19,615,1493.04,0
2,164,437.26,0
46,107,372.65,0
16,789,2301.03,0
16,295,1021.74,0
23,97,304.49,0
21,55,187.27,0
10,71,181.97,0
187,23,106.07,2
100,18,46.37,0
60,69,218.03,0
17,98,279.23,0
32,18,96.0,0
63,16,43.19,0
1,4,12.83,0
23,17,43.04,0
107,12,32.64,0
31,197,800.56,0
8,289,929.14,0
2,1010,5994.95,0
36,18,35.53,0
59,213,423.15,0
25,213,876.39,0
235,64,359.90000000000003,2
24,65,94.49000000000001,0
2,547,1805.92,0
58,331,835.12,0
259,18,90.95,2
57,10,29.630000000000003,0
64,19,63.06,0
15,32,66.53,0
9,71,274.78,0
58,105,265.21,0
185,5,27.05,2
3,105,708.4399999999999,0
23,111,261.97,0
3,415,1140.46,0
3,356,1030.5,0
150,4,10.2,2
310,56,179.9,2
10,47,103.2,0
17,10,47.02,0
151,57,107.91,2
18,113,420.77,0
9,203,547.91,0
56,19,60.33,0
63,32,50.88,0
6,76,374.56,0
75,69,137.01,0
3,441,1533.62,0
95,129,503.84,0
110,4,7.16,0
34,34,125.44,0
0,12,47.04,0
280,29,97.79,2
2,265,807.58,0
179,233,1080.3899999999999,2
371,1,2.95,2
12,123,325.13,0
2,24,58.83,0
16,17,26.91,0
40,6,20.34,0
5,302,599.75,0
168,99,345.46,2
49,29,57.7,0
226,27,17.42,2
18,372,895.6,0
371,3,23.85,2
14,176,479.13,0
34,158,323.58,0
21,151,313.18,0
6,52,169.26,0
19,102,296.08,0
10,47,66.82,0
43,50,76.08,0
305,25,134.07,2
10,7,10.04,0
274,2,3.3,2
0,2759,7778.46,0
15,109,244.14,0
3,20,84.5,0
71,4,0.49,0
242,3,10.32,2
8,17,73.34,0
238,22,104.89999999999999,2
203,30,92.23,2
0,96,295.53,0
184,21,67.46000000000001,2
31,134,413.1,0
56,13,26.92,0
184,57,285.34,2
8,126,434.96,0
311,5,21.85,2
90,24,109.09,0
3,151,569.5,0
50,41,97.74,0
262,8,20.32,2
265,20,108.05,2
35,28,85.07000000000001,0
50,16,66.55,0
51,175,839.15,0
15,112,436.43,0
21,7,9.030000000000001,0
58,2,6.01,0
169,34,50.45,2
8,29,138.03,0
156,30,108.66,2
1,2085,5400.21,0
200,28,67.57000000000001,2
4,186,492.77,0
66,101,294.63,0
76,29,86.6,0
0,234,770.1,0
3,50,133.74,0
168,80,221.48,2
17,127,354.37,0
4,29,162.06,0
8,259,785.89,0
86,30,70.76,0
26,4,15.8,0
28,157,375.77,0
19,98,194.64,0
60,117,500.31,0
23,14,25.999999999999996,0
10,570,1777.7,0
241,166,450.92,2
279,123,198.32,2
234,61,178.22,2
2,74,177.23,0
15,97,219.08,0
30,44,76.96000000000001,0
371,1,2.55,2
24,320,776.31,0
70,7,50.45,0
187,2,1.3,2
25,390,679.93,0
106,15,34.05,0
7,356,748.57,0
208,13,28.35,2
43,52,138.91,0
30,71,260.32,0
136,69,200.35,0
264,8,27.8,2
3,133,327.28000000000003,0
217,22,71.22,2
1,200,571.67,0
213,8,17.69,2
31,112,267.85,0
10,342,1072.99,0
0,343,1295.76,0
14,22,45.13,0
10,393,889.01,0
198,1,1.79,2
2,29,88.96,0
14,197,544.96,0
13,136,281.95,0
9,347,1673.84,0
28,25,82.7,0
8,340,838.7,0
23,10,32.87,0
24,71,237.3,0
42,51,74.54,0
1,236,563.49,0
5,37,212.55,0
146,28,84.1,2
9,259,593.3100000000001,0
24,47,166.1,0
273,10,70.84,2
373,71,153.3,2
0,462,1184.02,0
46,45,94.6,0
7,149,508.99,0
8,216,859.21,0
3,205,759.51,0
3,17,61.44,0
38,56,199.35,0
1,61,124.97,0
190,93,276.51,2
11,59,153.58,0
15,28,89.69,0
112,70,117.45,0
247,19,121.35,2
28,92,181.12,0
43,5,12.52,0
86,30,107.95,0
44,41,91.76,0
9,237,982.82,0
14,38,132.22,0
74,19,74.56,0
144,71,472.69,0
4,102,550.2,0
293,7,20.25,2
58,11,25.0,0
263,21,28.02,2
43,7,10.8,0
28,39,116.09,0
7,137,374.31,0
16,6,22.5,0
2,1066,2891.99,0
231,52,179.11,2
111,9,31.580000000000002,0
57,60,63.11,0
50,134,131.2,0
3,3,7.550000000000001,0
126,35,109.95,0
280,41,279.8,2
54,27,74.7,0
319,6,15.100000000000001,2
25,15,57.910000000000004,0
9,3,2.83,0
6,30,77.66,0
28,6,12.34,0
16,46,68.0,0
63,4,12.4,0
3,15,50.56,0
2,82,336.14,0
165,6,44.0,2
0,1156,2305.12,0
52,12,17.52,0
50,13,63.559999999999995,0
47,390,864.13,0
60,57,141.54,0
161,44,127.01,2
8,12,50.89,0
14,46,264.73,0
74,11,20.29,0
39,252,1223.93,0
40,254,591.11,0
369,29,82.24000000000001,2
36,53,87.71000000000001,0
196,4,265.9,2
199,63,222.48,2
73,48,180.07,0
63,13,53.69,0
20,29,93.46,0
366,2,5.050000000000001,2
179,70,296.43,2
9,29,69.44,0
3,120,329.06,0
196,17,48.51,2
28,45,98.0,0
52,39,67.34,0
17,70,265.03000000000003,0
9,6,16.75,0
89,110,192.66,0
267,4,12.2,2
52,138,440.85,0
34,158,1121.61,0
63,130,406.01,0
148,13,48.79,2
21,392,954.78,0
311,22,37.25,2
22,28,64.88,0
57,143,437.1,0
8,10,63.85,0
77,130,377.83,0
118,20,93.4,0
35,65,199.82,0
59,61,263.88,0
12,59,182.19,0
8,12,10.78,0
51,6,16.41,0
25,48,103.42,0
28,11,22.23,0
6,4,2.61,0
10,103,342.72,0
185,37,144.85,2
2,147,422.2,0
3,71,212.37,0
261,13,39.6,2
2,93,293.32,0
209,28,139.84,2
8,50,222.34,0
12,122,317.39,0
76,46,173.74,0
19,17,23.34,0
26,11,43.45,0
18,54,69.66,0
131,15,19.03,0
252,18,56.3,2
78,6,9.67,0
206,20,44.2,2
335,10,22.6,2
253,7,20.35,2
147,33,54.53,2
9,73,228.82,0
84,23,65.31,0
7,506,2134.16,0
204,43,103.11,2
7,55,278.71,0
22,112,340.05,0
10,98,308.14,0
20,24,64.46,0
20,359,1006.99,0
1,69,51.02,0
153,18,41.78,2
2,168,584.86,0
73,9,32.65,0
2,35,103.59,0
0,5898,31025.29,1
16,28,80.94,0
35,87,105.53,0
85,13,49.57,0
70,79,142.66,0
115,45,157.17000000000002,0
212,57,214.63,2
29,78,154.06,0
50,44,151.60999999999999,0
245,10,156.65,2
31,11,24.830000000000002,0
108,127,531.21,0
4,42,791.0600000000001,0
365,17,160.64,2
72,88,313.64,0
296,10,26.22,2
8,366,1358.79,0
56,35,119.85,0
29,172,519.04,0
13,3,14.05,0
71,14,43.18,0
22,64,179.71,0
8,20,108.62,0
78,20,37.9,0
45,149,521.67,0
24,54,125.0,0
11,77,230.19,0
252,12,20.89,2
146,41,229.78,2
58,61,95.34,0
7,27,48.7,0
10,317,920.61,0
270,5,32.7,2
9,192,442.2,0
246,13,44.26,2
95,81,193.65,0
14,36,70.82000000000001,0
49,6,17.55,0
29,37,71.79,0
67,34,209.93,0
34,155,477.74,0
127,18,89.05,0
106,32,680.3100000000001,0
36,17,53.31,0
56,11,11.17,0
56,73,291.04,0
71,214,965.77,0
245,8,11.68,2
18,39,167.07,0
197,83,161.28,2
15,4,10.2,0
211,40,101.87,2
38,60,157.53,0
45,27,16.58,0
169,74,182.68,2
47,77,218.26,0
115,115,292.04,0
146,154,475.62,0
15,1152,2716.13,0
50,132,259.49,0
158,12,37.93,2
11,180,445.89,0
35,20,63.370000000000005,0
53,122,316.53,0
42,33,58.160000000000004,0
172,20,91.46000000000001,2
33,20,65.25,0
38,32,241.68,0
266,66,144.74,2
8,451,1222.55,0
11,121,352.59000000000003,0
2,554,2123.03,0
9,152,433.95,0
32,67,178.41,0
79,61,132.95,0
30,37,146.5,0
7,48,95.37,0
71,7,20.810000000000002,0
3,110,336.38,0
255,55,104.05,2
4,504,1067.32,0
15,396,1159.27,0
89,27,57.47,0
71,119,245.49,0
42,128,528.16,0
9,1483,4754.62,0
169,66,135.59,2
198,5,27.93,2
30,3,5.37,0
18,452,2099.2400000000002,0
151,13,95.78,2
8,202,564.32,0
269,22,49.94,2
64,95,243.03,0
273,3,5.49,2
24,78,201.47,0
22,142,313.32,0
318,28,99.84,2
4,69,108.13,0
11,114,195.26,0
274,25,89.79,2
24,266,774.31,0
40,239,754.77,0
7,115,200.29,0
3,410,1043.84,0
70,57,117.52,0
212,5,42.85,2
37,158,799.39,0
31,53,249.53,0
77,82,259.3,0
45,104,265.8,0
178,70,316.64,2
372,1,2.95,2
93,26,120.84,0
9,76,195.62,0
104,41,92.29,0
77,27,89.45,0
172,49,149.34,2
6,451,1094.53,0
212,48,218.43,2
21,35,176.01999999999998,0
256,5,33.35,2
281,15,30.54,2
20,60,320.19,0
9,145,481.39,0
307,23,81.92,2
53,31,59.870000000000005,0
214,26,139.83,2
17,112,315.46,0
103,49,124.14,0
42,11,34.23,0
3,25,56.65,0
181,5,40278.899999999994,1
83,23,47.690000000000005,0
329,6,65.69999999999999,2
8,9,26.19,0
30,35,197.64000000000001,0
166,69,365.39,2
17,101,243.49,0
17,102,256.96,0
310,20,118.69,2
141,61,294.05,0
240,31,182.9,2
23,39,276.85,0
28,84,309.32,0
9,98,210.57,0
29,197,305.96,0
17,21,78.34,0
17,45,124.3,0
14,80,177.87,0
133,1,0.17,0
245,14,108.2,2
129,22,107.06,0
49,28,118.35,0
84,87,279.05,0
6,106,323.67,0
22,15,33.07,0
24,140,498.05,0
65,16,29.41,0
59,111,242.05,0
49,84,244.04,0
169,22,53.24,2
17,52,107.26,0
127,29,64.15,0
14,73,167.96,0
232,10,38.3,2
2,69,144.07,0
239,13,17.61,2
51,81,213.47,0
45,26,62.9,0
225,14,39.67,2
7,218,631.53,0
3,67,228.72,0
164,95,143.32,2
218,29,88.5,2
10,20,50.71,0
133,23,136.85,0
16,342,1001.74,0
9,278,982.32,0
30,22,102.64999999999999,0
73,75,240.04,0
0,55,156.26,0
3,133,247.35,0
44,7,12.950000000000001,0
1,720,2041.89,0
356,4,6.99,2
17,29,70.68,0
68,101,296.73,0
372,27,134.65,2
320,39,105.45,2
25,5,16.69,0
324,7,23.95,2
8,110,229.67000000000002,0
322,11,17.04,2
71,23,17.03,0
259,3,4.05,2
17,95,248.22,0
366,6,19.6,2
65,18,32.81,0
153,29,86.25,2
28,62,201.34,0
69,21,48.88,0
13,19,64.22,0
1,93,291.2,0
0,232,1011.77,0
119,51,128.25,0
60,19,121.55,0
2,326,792.8,0
2,1,2.75,0
8,36,134.9,0
91,10,18.75,0
58,13,59.8,0
78,97,158.28,0
25,142,178.66,0
356,9,21.64,2
84,38,140.74,0
9,9,24.15,0
0,43,205.93,0
224,20,126.82000000000001,2
59,52,285.78,0
238,7,29.549999999999997,2
318,25,38.94,2
1,110,266.37,0
44,43,247.19,0
87,2,9.6,0
10,166,513.44,0
175,9,88.95,2
51,119,303.58,0
365,11,140.15,2
318,5,6.72,2
225,32,122.61,2
357,16,56.589999999999996,2
233,23,79.35000000000001,2
310,8,30.74,2
36,58,265.55,0
65,126,401.44,0
238,23,40.980000000000004,2
112,31,31.95,0
276,14,23.560000000000002,2
217,143,427.65,2
298,15,24.58,2
1,99,249.52,0
28,52,249.58,0
9,52,112.67,0
44,83,214.04,0
66,111,212.97,0
73,22,53.9,0
64,34,79.58,0
133,89,167.0,0
237,33,98.45,2
121,6,12.5,0
31,358,997.1,0
8,121,473.14,0
35,44,90.76,0
15,55,91.76,0
126,18,36.54,0
66,47,129.3,0
148,6,10.9,2
280,8,301.7,2
168,34,191.68,2
99,78,268.31,0
134,19,22.79,0
323,10,32.95,2
106,12,35.49,0
63,23,53.13,0
150,82,375.1,2
337,6,40.5,2
21,11,20.189999999999998,0
23,2,149.95,0
15,48,291.76,0
6,265,741.58,0
56,63,259.5,0
3,47,96.77,0
30,42,139.49,0
65,49,118.37,0
46,12,21.25,0
354,21,80.56,2
171,16,12.87,2
58,150,604.61,0
49,3,13.350000000000001,0
21,21,52.63,0
42,88,292.62,0
28,59,71.97,0
4,212,687.69,0
25,109,551.17,0
200,24,113.27,2
43,200,716.36,0
9,41,113.54,0
1,194,470.95,0
66,12,1337.88,0
63,28,80.14,0
50,246,753.26,0
289,31,119.06,2
60,26,182.9,0
63,58,153.76,0
95,12,80.95,0
270,21,84.84,2
0,2478,6245.1,0
74,48,112.74000000000001,0
109,1,2.08,0
198,24,41.13,2
63,38,33.44,0
326,1,1.65,2
3,33,19.330000000000002,0
283,16,51.86,2
43,36,110.29,0
48,105,375.88,0
63,49,150.52,0
103,48,52.839999999999996,0
333,29,42.11,2
52,10,43.97,0
34,62,240.0,0
31,13,7.29,0
365,35,99.44,2
207,16,47.42,2
156,98,147.29,2
53,35,97.64,0
65,88,220.66,0
80,17,50.52,0
115,26,59.919999999999995,0
86,21,134.2,0
0,32,245.22,0
34,23,180.45999999999998,0
332,17,43.690000000000005,2
365,5,11.350000000000001,2
71,9,19.02,0
157,71,210.04999999999998,2
372,5,13.350000000000001,2
11,227,671.44,0
254,61,201.81,2
28,14,85.60000000000001,0
30,499,1006.65,0
4,560,1120.55,0
39,13,30.57,0
361,7,9.41,2
240,17,55.75,2
95,29,57.36,0
25,151,696.26,0
74,44,108.84,0
56,96,285.5,0
20,4,14.24,0
143,1,1592.49,0
40,95,369.88,0
136,27,22.27,0
7,137,725.43,0
128,3,11.45,0
39,116,335.8,0
168,196,504.65,2
8,37,225.01,0
213,8,49.6,2
14,306,755.8,0
169,43,82.13,2
39,12,26.64,0
185,31,42.98,2
269,10,20.63,2
171,1,1.25,2
4,85,181.67,0
15,12,18.94,0
9,85,275.37,0
325,7,45.8,2
112,14,50.39,0
289,6,29.6,2
15,74,199.67000000000002,0
0,50,95.49,0
91,13,26.9,0
148,42,147.32,2
188,8,28.8,2
17,58,205.77,0
33,148,588.4399999999999,0
263,34,152.19,2
83,122,474.07,0
25,99,403.61,0
170,10,34.71,2
9,39,125.25,0
312,47,83.24,2
64,193,637.15,0
84,28,52.46,0
24,8,10.489999999999998,0
58,53,141.73,0
322,6,18.1,2
37,2,7.86,0
253,17,29.560000000000002,2
18,283,758.13,0
32,292,614.72,0
14,6,11.18,0
26,83,172.52,0
22,10,29.09,0
78,53,66.28999999999999,0
7,59,205.76,0
21,29,108.32000000000001,0
11,291,650.53,0
261,45,128.04,2
130,25,88.44,0
54,62,145.0,0
248,2,9.9,2
1,375,1142.23,0
8,214,606.33,0
263,5,27.75,2
330,9,28.09,2
312,28,100.17999999999999,2
25,62,117.37,0
29,30,65.18,0
29,56,141.61,0
1,279,712.8100000000001,0
361,25,69.55,2
282,58,95.59,2
261,58,109.19,2
24,7,8.57,0
353,56,161.54,2
93,11,17.05,0
28,7,12.99,0
337,155,656.91,2
19,104,720.23,0
84,57,108.8,0
8,53,120.68,0
34,29,136.71,0
42,27,178.15,0
1,73,146.44,0
112,76,173.98,0
13,14,36.9,0
76,29,52.98,0
39,44,150.17,0
115,45,191.87,0
15,126,472.03,0
160,84,135.16,2
0,188,408.99,0
29,85,273.2,0
92,2,16.06,0
22,55,163.65,0
94,155,600.31,0
27,35,88.86,0
32,291,1291.05,0
20,122,291.32,0
17,16,55.15,0
0,523,2517.99,0
7,68,310.17,0
15,252,7836.84,0
362,66,137.67,2
80,13,29.01,0
52,99,233.09,0
22,161,288.71,0
171,45,178.2,2
188,92,312.12,2
330,1,125.0,2
11,158,630.24,0
155,7,13.65,2
30,314,1294.48,0
11,197,475.07,0
44,15,41.68,0
232,27,48.81,2
63,216,537.84,0
1,18,31.04,0
35,200,800.92,0
32,56,53.29,0
83,10,36.31,0
24,1,110.0,0
1,158,422.36,0
32,4,21.979999999999997,0
18,165,614.77,0
253,26,67.8,2
22,664,1150.71,0
21,107,306.68,0
7,219,664.76,0
24,258,1023.91,0
18,86,340.53,0
172,75,369.45,2
162,24,92.69,2
6,41,55.09,0
10,15,25.7,0
113,29,60.730000000000004,0
287,28,61.58,2
8,261,416.33,0
53,80,214.3,0
6,695,1808.25,0
76,115,378.48,0
3,61,171.04,0
36,29,113.99,0
216,17,30.330000000000002,2
59,55,130.83,0
277,14,67.35,2
11,913,1553.52,0
23,31,55.489999999999995,0
28,19,70.4,0
11,31,143.02,0
351,1,3.45,2
8,117,224.97,0
49,8,36.53,0
18,7,22.65,0
2,53,135.49,0
103,31,67.12,0
6,326,1223.36,0
11,57,153.99,0
4,212,775.76,0
31,97,281.58,0
177,152,400.39,2
37,43,156.95,0
150,39,119.36,2
161,13,31.05,2
68,48,185.38,0
120,148,3606.0,0
24,44,105.47,0
23,124,379.49,0
176,31,70.19,2
49,9,26.25,0
252,30,128.94,2
288,1,30.19,2
46,24,37.550000000000004,0
70,5,16.65,0
15,104,329.62,0
100,84,366.21,0
29,23,38.35,0
34,16,38.29,0
26,52,98.23,0
10,414,1126.65,0
7,54,158.84,0
78,2,1.01,0
51,17,26.240000000000002,0
35,67,307.42,0
56,91,326.97,0
336,13,15.28,2
27,60,195.34,0
182,18,93.84,2
51,6,11.24,0
9,45,258.18,0
35,6,36.85,0
9,429,1110.37,0
32,49,126.351,0
10,3,13.25,0
49,104,384.71,0
3,18,40.3,0
2,214,944.23,0
140,19,81.52,2
116,34,124.31,0
99,68,109.50999999999999,0
74,49,80.7,0
4,157,358.36,0
44,61,175.58,0
15,177,486.02,0
16,15,55.9,0
89,25,79.28,0
52,15,45.400000000000006,0
300,2,9.75,2
133,25,107.71,0
3,486,1361.04,0
104,119,227.24,0
178,36,208.24,2
165,232,416.29,2
18,52,153.54,0
157,36,105.75,2
203,27,123.5,2
335,2,8.5,2
36,32,69.07,0
90,21,80.92,0
92,6,5.4399999999999995,0
8,21,64.49,0
232,37,134.78,2
44,47,207.32999999999998,0
22,1,1.25,0
189,56,358.05,2
43,11,60.05,0
24,94,221.83,0
316,5,4.55,2
105,9,22.59,0
50,19,74.61,0
167,115,260.88,2
39,13,20.22,0
217,1,1.06,2
39,35,111.4,0
296,12,37.8,2
18,81,205.76,0
87,138,384.04,0
72,135,1065.22,0
80,21,60.46,0
8,216,706.53,0
48,33,118.21,0
52,12,24.48,0
23,110,121.48,0
8,78,188.76,0
17,67,135.22,0
116,10,21.63,0
8,168,716.81,0
119,9,31.5,0
3,19,12.98,0
251,2,3.8,2
27,12,22.85,0
0,79,372.09,0
266,22,63.52,2
32,174,810.6800000000001,0
17,18,111.25999999999999,0
171,89,258.63,2
1,230,684.52,0
264,5,14.65,2
139,117,377.56,0
200,6,36.3,2
59,59,309.29,0
34,205,464.24,0
40,282,1125.88,0
283,6,14.49,2
8,53,194.34,0
142,20,111.38,2
11,34,106.3,0
145,117,267.12,0
233,7,17.3,2
32,932,2048.88,0
23,128,315.66,0
11,84,174.37,0
35,70,229.53,0
364,38,100.75,2
200,12,43.5,2
14,32,84.84,0
16,301,970.99,0
48,4,16.1,0
197,6,24.5,2
65,73,213.98,0
211,14,26.47,2
282,10,43.5,2
114,26,125.94,0
14,79,311.68,0
18,176,372.82,0
65,8,20.19,0
48,9,22.25,0
15,86,403.68,0
77,3,0.8699999999999999,0
8,65,277.59,0
133,29,41.83,0
12,90,223.36,0
39,20,73.51,0
234,15,46.24,2
2,293,715.26,0
39,406,715.7,0
304,1,0.55,2
50,29,77.72,0
0,149,474.8,0
60,191,470.68,0
65,45,122.83,0
24,9,39.85,0
217,7,36.22,2
64,37,148.07,0
31,63,431.72,0
80,188,532.9,0
63,11,35.29,0
115,28,253.28,0
6,147,300.67,0
5,10,13.34,0
68,25,120.05,0
244,7,17.3,2
132,18,75.31,0
240,22,88.78999999999999,2
183,29,120.57000000000001,2
24,21,85.3,0
9,44,283.71,0
10,14,48.11,0
29,87,282.74,0
43,279,787.88,0
25,200,431.14,0
357,25,24.96,2
9,34,117.75,0
43,76,252.47,0
8,13,53.81999999999999,0
149,42,128.44,2
0,134,561.0,0
112,8,33.85,0
75,98,222.21,0
106,117,321.57,0
45,69,210.6,0
142,3,1354.26,0
50,8,13.99,0
0,274,1121.76,0
22,305,841.62,0
45,31,62.13,0
49,48,123.9,0
305,197,723.15,2
35,43,176.66,0
78,112,299.48,0
16,139,491.76,0
106,41,207.12,0
207,40,151.0,2
2,74,250.71,0
63,49,105.86,0
48,123,246.2,0
319,17,38.24,2
43,62,229.18,0
2,33,111.19,0
336,17,85.19,2
171,20,176.79,2
50,69,223.19,0
72,134,629.87,0
98,51,53.69,0
28,41,122.84,0
57,67,183.88,0
253,54,124.75,2
69,272,1241.27,0
43,50,153.65,0
44,12,112.34,0
64,24,98.19,0
10,169,335.86,0
24,65,148.81,0
58,28,57.9,0
63,50,69.92,0
303,8,57.15,2
45,11,19.73,0
17,140,390.21,0
37,22,73.7,0
18,93,147.72,0
186,22,73.81,2
51,30,44.08,0
3,138,409.81,0
136,80,150.88,0
3,636,1151.85,0
18,14,13.2,0
15,188,433.16,0
40,139,476.36,0
11,541,1175.99,0
7,147,402.47,0
25,18,66.76,0
21,24,67.84,0
40,40,224.44,0
100,43,155.61,0
4,461,1586.96,0
276,15,32.13,2
32,74,134.29,0
14,108,225.71,0
62,137,759.63,0
1,128,239.35,0
368,97,214.87,2
311,32,103.44,2
198,24,45.980000000000004,2
1,49,144.78,0
92,18,102.35,0
59,12,35.97,0
79,14,32.95,0
156,85,243.22,2
226,60,163.34,2
252,37,77.19,2
149,11,21.83,2
193,22,47.05,2
0,85,284.9,0
368,4,16.5,2
23,47,92.27,0
16,111,231.4,0
9,75,166.56,0
7,30,88.6,0
19,151,515.11,0
3,226,576.41,0
173,7,13.02,2
0,266,482.35,0
177,19,39.82,2
15,156,589.36,0
247,12,61.8,2
190,40,100.57,2
19,122,310.6,0
153,60,129.56,2
172,24,91.43,2
371,12,51.45,2
372,21,59.11,2
193,12,34.75,2
66,21,84.48,0
3,119,184.75,0
20,74,158.04,0
238,12,327.54,2
63,7,16.6,0
111,18,41.77,0
89,77,140.63,0
310,2,12.95,2
133,14,37.21,0
276,6,30.5,2
364,2,5.5,2
82,29,116.64,0
7,60,151.29,0
16,19,34.67,0
1,102,364.55,0
0,43,170.63,0
33,84,275.5,0
14,102,287.59,0
23,185,530.07,0
31,42,117.09,0
73,7,27.89,0
19,28,67.48,0
16,111,256.26,0
22,80,223.93,0
2,21,162.45,0
303,11,28.6,2
17,35,81.39,0
235,6,39.61,2
38,177,498.34,0
83,24,51.440000000000005,0
164,96,232.65,2
16,65,194.96,0
76,49,96.17999999999999,0
88,43,89.12,0
24,97,214.15,0
21,112,235.75,0
2,263,724.87,0
122,38,67.77,0
29,14,12.559999999999999,0
11,128,287.43,0
18,26,91.95,0
43,52,158.85,0
3,3,18.33,0
8,551,1256.08,0
54,32,109.93,0
87,128,505.76,0
36,507,1292.14,0
2,9,30.11,0
29,103,516.9,0
11,201,481.63,0
210,8,12.620000000000001,2
47,381,682.42,0
23,33,69.68,0
21,82,283.75,0
245,79,177.4,2
7,210,445.15,0
34,94,243.23,0
3,151,444.63,0
35,141,397.95,0
3,183,236.3,0
2,226,698.11,0
46,32,85.62,0
38,28,92.51,0
1,165,556.88,0
16,46,112.45,0
259,71,228.78,2
45,101,316.06,0
11,63,71.14,0
29,28,55.339999999999996,0
42,32,41.14,0
91,17,298.66,0
38,270,24101.56,1
309,29,67.1,2
91,98,277.93,0
5,1143,3816.4,0
195,22,56.2,2
86,55,117.35000000000001,0
269,39,121.78,2
7,28,96.64,0
64,65,254.24,0
30,6,32.339999999999996,0
21,74,233.82,0
37,39,175.77,0
119,83,237.29,0
85,9,25.72,0
39,299,613.64,0
173,10,25.85,2
53,34,84.61,0
32,84,242.24,0
144,70,279.87,2
220,8,71.9,2
44,66,241.98,0
3,134,567.86,0
65,178,552.98,0
268,1,29.95,2
9,64,174.24,0
259,23,51.58,2
364,73,136.97,2
16,101,315.41,0
21,33,69.45,0
44,21,57.48,0
287,23,193.19,2
291,2,5.1,2
2,131,329.49,0
283,1,4.95,2
16,21,62.4,0
81,11,19.61,0
55,223,627.58,0
100,31,48.82,0
298,38,100.54,2
22,167,398.65,0
58,40,127.67,0
154,18,51.15,2
98,53,116.52,0
106,1,0.85,0
11,67,243.6,0
263,12,159.23000000000002,2
239,10,53.599999999999994,2
87,67,296.45,0
49,39,72.87,0
8,83,214.79,0
41,57,148.13,0
6,48,221.15,0
61,28,93.33,0
248,13,15.34,2
65,6,9.08,0
17,31,135.31,0
84,49,95.78,0
218,18,28.419999999999998,2
44,342,786.18,0
142,16,8.92,2
182,30,79.53,2
170,8,26.75,2
9,279,663.93,0
205,35,158.44,2
189,30,73.47,2
7,16,34.11,0
58,32,56.71,0
56,204,406.07,0
72,38,60.16,0
51,16,49.72,0
315,16,150.4,2
366,13,41.72,2
28,117,427.44,0
38,40,124.25,0
17,89,215.83,0
51,78,253.01,0
3,365,1169.3,0
21,38,76.71,0
262,21,72.3,2
59,37,98.26,0
367,1,7.95,2
18,31,85.97,0
52,37,75.62,0
87,30,140.65,0
249,37,106.44,2
2,118,486.71,0
246,1,10.95,2
8,237,518.48,0
156,29,60.74,2
133,22,86.03,0
295,1,1.06,2
4,18,22.57,0
38,136,422.59,0
268,29,173.31,2
49,89,266.19,0
8,137,442.39,0
15,19,66.17,0
281,14,26.2,2
63,22,38.589999999999996,0
1,499,1626.89,0
251,2,18.7,2
224,7,32.9,2
16,35,102.69,0
10,99,329.17,0
7,85,175.94,0
50,127,262.97,0
58,3,10.25,0
94,69,133.38,0
15,87,347.66,0
125,23,85.67999999999999,0
93,58,208.37,0
49,15,81.15,0
137,8,25.55,0
60,11,41.06,0
99,176,430.65,0
72,11,26.53,0
71,28,59.36,0
66,15,52.730000000000004,0
63,46,183.61,0
16,31,102.37,0
22,219,402.16,0
31,297,644.91,0
44,67,148.86,0
15,11,43.379999999999995,0
39,6,43.12,0
2,151,341.58,0
236,19,44.6,2
74,15,62.691,0
3,172,452.8,0
2,115,234.15,0
360,18,62.730000000000004,2
58,36,104.4,0
22,50,103.41,0
30,97,214.27,0
54,63,147.8,0
24,19,80.88,0
44,66,208.51,0
88,46,114.26,0
1,123,462.19,0
80,24,91.84,0
18,43,190.24,0
78,6,22.9,0
170,44,199.12,2
80,14,60.0,0
266,37,332.69,2
234,19,81.01,2
29,90,157.63,0
36,95,215.25,0
317,122,399.9,2
56,96,235.51,0
44,134,320.71,0
202,8,14.14,2
218,7,22.830000000000002,2
86,47,158.15,0
189,35,68.27,2
32,38,93.05,0
70,25,116.67999999999999,0
40,48,230.83,0
77,20,57.550000000000004,0
56,21,50.1,0
7,142,576.89,0
9,655,1457.53,0
7,293,712.35,0
33,51,297.91,0
211,91,233.62,2
23,93,310.35,0
169,16,43.379999999999995,2
61,7,14.22,0
52,69,240.34,0
260,24,74.12,2
365,21,67.1,2
31,124,211.63,0
16,274,775.8,0
257,14,35.38,2
176,2,46.95,2
44,135,409.61,0
50,18,96.6,0
16,119,397.05,0
360,3,17.95,2
8,260,968.72,0
73,61,240.03,0
70,45,191.66,0
352,54,174.03,2
2,131,222.36,0
116,25,43.43,0
372,65,280.4,2
196,33,144.77,2
176,6,11.95,2
22,25,242.91,0
20,108,246.23000000000002,0
71,17,40.35,0
339,11,30.05,2
5,168,406.15,0
30,103,222.97,0
169,8,17.900000000000002,2
116,19,51.53,0
8,120,500.73,0
9,79,297.58,0
212,23,62.78,2
22,27,109.92,0
107,12,20.23,0
25,167,472.36,0
138,22,37.03,0
213,44,73.46,2
37,4,1.28,0
91,44,121.46,0
17,37,91.52,0
2,16,49.57,0
330,14,74.92,2
63,156,897.98,0
119,69,205.57999999999998,0
34,19,47.0,0
217,3,16.85,2
171,56,138.91,2
71,16,56.6,0
0,37,90.2,0
195,1,4.15,2
127,111,235.57,0
43,20,71.93,0
5,301,1527.8700000000001,0
13,317,661.68,0
17,41,113.96,0
27,152,422.43,0
7,45,47.980000000000004,0
36,10,30.4,0
156,11,41.08,2
283,18,89.25,2
106,141,219.28,0
24,84,149.55,0
74,15,84.05,0
15,43,113.14999999999999,0
157,2,11.4,2
43,37,153.28,0
10,85,312.18,0
31,222,621.62,0
290,9,53.5,2
20,60,212.01,0
332,8,15.9,2
17,28,54.93,0
3,94,283.02,0
62,39,122.39,0
197,32,69.69,2
32,34,155.71,0
0,110,208.38,0
6,70,791.65,0
4,645,1523.43,0
9,104,323.95,0
31,86,253.75,0
52,5,14.780000000000001,0
11,52,181.79,0
17,51,262.3,0
18,18,50.92,0
36,127,300.36,0
1,69,167.21,0
17,117,272.94,0
81,221,639.07,0
32,92,248.95,0
65,109,280.35,0
8,125,313.78,0
266,5,2.67,2
246,23,41.45,2
3,109,226.95000000000002,0
60,31,57.21,0
74,98,218.81,0
89,33,115.6,0
59,57,149.36,0
28,81,141.56,0
322,4,12.64,2
52,35,96.12,0
269,43,86.33,2
1,355,711.57,0
49,100,112.33,0
60,206,411.67,0
144,86,508.36,0
18,72,201.38,0
94,29,87.41,0
0,198,289.0,0
264,57,153.95,2
301,15,24.05,2
69,23,118.8,0
301,5,11.65,2
18,59,103.61,0
12,168,500.15,0
35,231,625.27,0
18,44,88.64,0
53,30,62.96,0
56,31,78.31,0
21,7,49.449999999999996,0
43,47,89.77,0
26,73,221.64000000000001,0
44,95,342.15,0
112,51,231.17,0
16,399,1248.75,0
24,18,34.480000000000004,0
190,6,28.49,2
301,21,87.61,2
1,353,743.83,0
262,9,13.4,2
80,1,2.95,0
105,2,39.900000000000006,0
56,6,26.15,0
212,76,136.9,2
63,8,25.34,0
27,17,32.41,0
28,107,350.88,0
5,132,289.61,0
7,282,625.77,0
66,24,79.0,0
1,171,381.84,0
45,86,215.45,0
33,63,165.82,0
0,4,7.0600000000000005,0
135,34,103.26,0
197,19,55.44,2
190,43,145.47,2
149,11,16.33,2
87,14,36.61,0
44,3,19.0,0
63,99,208.05,0
98,110,236.05,0
217,9,24.03,2
2,202,356.2,0
27,132,222.66,0
177,32,125.94,2
63,4,34.0,0
20,85,170.89000000000001,0
19,230,580.0,0
33,146,421.91,0
73,2,14.58,0
23,171,504.94,0
51,165,323.03,0
274,13,29.85,2
164,19,48.96,2
6,345,783.0,0
87,28,143.1,0
63,146,339.47,0
24,17,50.03,0
9,35,111.2,0
75,53,176.52,0
15,18,24.51,0
191,19,83.8,2
173,26,86.33,2
76,42,129.41,0
32,31,132.09,0
46,39,99.44,0
72,62,104.10000000000001,0
296,50,74.96,2
2,88,276.01,0
8,97,274.01,0
49,136,497.57,0
160,16,40.47,2
359,22,106.4,2
4,11,188.32,0
106,86,361.08,0
24,83,101.36,0
31,4,5.4,0
19,3,6.55,0
296,13,99.1,2
371,13,69.5,2
21,159,482.3,0
4,35,90.67,0
51,111,292.12,0
29,6,12.7,0
276,17,49.050000000000004,2
60,42,97.58,0
24,13,86.03,0
185,157,433.89,2
1,298,1102.96,0
1,200,727.72,0
171,15,84.23,2
80,14,40.92,0
3,17,54.8,0
189,30,93.60000000000001,2
21,77,215.23,0
17,4,13.93,0
18,180,459.79,0
4,31,93.76,0
106,55,209.31,0
2,45,175.2,0
53,5,15.39,0
164,3,11.3,2
290,31,53.03,2
9,925,1892.72,0
108,261,670.85,0
95,32,62.44,0
242,17,69.87,2
162,86,196.86,2
2,74,253.51,0
34,17,48.06,0
66,207,803.76,0
23,11,75.0,0
0,474,1440.79,0
20,58,224.26,0
5,31,88.61,0
53,19,64.89,0
363,3,15.350000000000001,2
14,19,49.17,0
193,35,75.79,2
2,5,12.96,0
8,133,437.17,0
2,106,237.82,0
126,58,220.38,0
73,46,170.29,0
70,28,39.92,0
364,1,2.55,2
154,11,16.57,2
112,6,9.73,0
373,14,35.9,2
79,31,83.51,0
248,8,37.45,2
231,13,87.2,2
70,33,61.39,0
68,10,44.43,0
3,222,494.95,0
50,27,130.54,0
74,53,159.95,0
60,85,148.62,0
15,12,49.25,0
3,7,11.35,0
276,11,27.05,2
3,62,88.87,0
40,30,93.15,0
30,32,78.88,0
74,34,73.32000000000001,0
17,174,1043.22,0
14,280,999.88,0
218,6,7.78,2
185,11,46.370000000000005,2
32,66,213.49,0
69,30,86.91,0
182,26,123.67,2
14,33,93.71000000000001,0
235,5,19.55,2
30,97,365.05,0
253,16,48.36,2
3,9,26.259999999999998,0
51,29,133.14,0
245,5,15.950000000000001,2
80,48,147.54,0
274,23,62.96,2
0,184,749.16,0
78,20,101.35,0
29,119,288.47,0
73,60,147.89,0
16,153,713.18,0
222,9,40.55,2
31,72,195.21,0
22,95,361.37,0
24,52,183.12,0
105,12,25.66,0
4,35,120.77,0
245,27,98.17,2
177,62,95.35,2
169,14,45.51,2
38,21,27.13,0
71,24,54.07,0
53,123,503.24,0
15,76,260.36,0
140,31,129.73,0
17,258,668.86,0
21,80,189.51,0
9,192,309.44,0
367,8,24.17,2
188,2,1.24,2
15,17,43.8,0
361,9,48.5,2
18,32,24.19,0
67,52,186.87,0
14,20,25.66,0
23,157,429.61,0
16,262,781.94,0
27,6,16.82,0
1,117,431.08,0
54,93,183.71,0
33,92,464.77,0
2,170,325.96999999999997,0
365,3,20.75,2
42,10,30.299999999999997,0
72,44,85.39,0
4,30,53.089999999999996,0
3,281,709.93,0
60,62,139.8,0
46,547,1518.14,0
0,62,172.05,0
75,16,53.88,0
43,13,58.79,0
255,3,165.95,2
68,59,256.84000000000003,0
134,10,39.300000000000004,0
240,21,97.45,2
226,5,11.85,2
8,312,659.72,0
8,154,334.26,0
0,284,1284.26,0
36,123,345.04,0
45,27,90.84,0
84,79,429.7,0
18,394,938.26,0
2,22,76.85,0
8,438,1312.75,0
18,627,1966.41,0
218,88,443.5,2
77,19,8.61,0
266,3,22.25,2
8,235,876.18,0
368,44,102.21,2
14,198,783.43,0
25,25,59.72,0
261,37,87.44,2
16,228,279.29,0
90,42,282.83,0
301,146,533.33,2
25,178,391.28000000000003,0
363,44,73.23,2
45,263,613.5600000000001,0
35,664,1552.52,0
51,84,115.73,0
31,28,94.67,0
51,52,183.64,0
78,119,288.53000000000003,0
52,1,1.45,0
297,1,1.25,2
171,16,48.2,2
46,4,472.65,0
28,192,281.31,0
10,236,594.06,0
86,356,687.55,0
4,447,1234.93,0
24,45,122.93,0
17,69,118.75,0
44,95,362.34,0
30,25,35.0,0
372,9,122.35,2
57,34,72.16,0
371,2,1.24,2
113,171,461.31,0
214,13,47.56,2
318,7,9.54,2
64,22,88.91,0
7,43,140.45,0
96,13,15.56,0
19,63,219.98000000000002,0
184,24,124.3,2
3,712,1700.32,0
293,1,8.5,2
272,34,96.4,2
30,221,357.51,0
47,58,233.41,0
259,38,176.85,2
57,141,326.27,0
32,254,726.19,0
56,26,72.02,0
67,49,120.32000000000001,0
9,157,729.74,0
59,71,137.51,0
79,48,176.46,0
73,16,37.84,0
1,342,809.59,0
99,59,152.63,0
364,19,101.75,2
9,190,711.9,0
19,3,13.45,0
122,148,355.56,0
7,5,14.45,0
3,95,228.29,0
28,316,927.13,0
281,12,48.019999999999996,2
56,16,38.83,0
0,280,504.02,0
364,66,145.55,2
88,18,31.419999999999998,0
10,156,579.1,0
162,120,729.42,2
64,24,50.480000000000004,0
22,60,192.85,0
173,98,174.86,2
102,93,267.4,0
142,67,172.2,0
98,23,53.64,0
22,150,231.68,0
191,16,69.98,2
4,28,66.32,0
360,15,83.0,2
7,426,746.8,0
13,320,1062.46,0
102,28,63.08,0
2,95,360.79,0
10,191,506.46,0
95,26,97.21,0
226,38,124.38,2
15,26,87.96,0
38,28,92.63,0
50,22,87.67,0
92,8,30.0,0
156,11,33.21,2
38,23,48.99,0
183,12,97.0,2
0,47,150.32,0
227,24,36.15,2
127,10,42.97,0
39,11,23.92,0
30,166,696.76,0
196,26,287.37,2
8,298,898.62,0
36,117,153.71,0
63,64,202.9,0
42,379,711.1800000000001,0
49,11,29.28,0
42,12,39.69,0
52,14,23.94,0
186,8,40.839999999999996,2
333,19,40.300000000000004,2
3,20,39.269999999999996,0
9,9,74.84,0
23,19,71.05,0
14,2,5.9,0
365,13,66.29,2
105,72,229.56,0
59,8,18.73,0
28,28,46.38,0
140,11,41.89,2
22,128,295.04,0
21,139,507.55,0
76,7,67.77,0
4,289,1019.32,0
63,123,450.66,0
11,156,397.0,0
24,6,9.5,0
30,174,642.53,0
66,1,0.72,0
66,39,107.92,0
186,37,135.74,2
37,26,51.91,0
14,96,328.87,0
34,36,70.28,0
194,135,418.37,2
1,186,572.12,0
0,99,336.94,0
366,45,116.87,2
64,62,157.1,0
298,44,226.44,2
25,158,328.7,0
7,123,413.07,0
11,82,854.46,0
115,44,170.07,0
28,56,135.25,0
3,665,1864.59,0
4,200,725.09,0
81,86,288.5,0
28,140,527.84,0
63,19,65.8,0
3,545,1187.75,0
22,104,430.66,0
289,8,16.57,2
35,30,78.09,0
8,57,302.11,0
23,136,307.04,0
276,9,34.86,2
49,130,270.35,0
155,326,913.53,0
60,55,85.68,0
11,650,2007.65,0
20,87,266.67,0
370,14,97.7,2
115,6,17.44,0
79,208,418.88,0
3,77,160.13,0
25,53,86.91,0
4,886,1812.21,0
52,48,104.05,0
0,49,156.87,0
54,61,239.64,0
25,56,106.2,0
8,236,665.11,0
51,305,634.03,0
12,279,840.0,0
211,33,225.14,2
21,249,555.1,0
235,21,54.83,2
138,19,21.150000000000002,0
3,61,508.8,0
56,42,129.71,0
122,87,126.1,0
108,16,83.79,0
29,1,2.08,0
0,54,180.63,0
184,26,106.21,2
8,18,84.07,0
238,16,53.27,2
86,7,21.05,0
38,101,203.76,0
115,14,37.44,0
186,7,23.400000000000002,2
226,26,60.730000000000004,2
7,31,42.72,0
188,21,23.95,2
3,31,86.91,0
38,42,100.05,0
2,42,443.19,0
266,2,12.01,2
77,39,114.85000000000001,0
3,91,327.12,0
254,81,191.35,2
60,22,53.97,0
12,144,344.03,0
77,411,1493.23,0
16,121,506.21,0
29,3,5.95,0
2,128,603.86,0
4,7,41.84,0
6,12,18.0,0
218,1,1.79,2
10,95,366.12,0
371,1,1.25,2
29,41,122.21000000000001,0
287,12,23.4,2
149,6,19.63,2
22,23,55.83,0
0,169,516.63,0
72,50,174.45,0
45,43,114.62,0
4,44,164.99,0
50,53,174.11,0
16,12,33.0,0
29,15,26.85,0
7,73,218.33,0
28,214,303.57,0
2,268,461.2,0
40,16,99.57,0
10,228,483.42,0
30,7,6.71,0
44,3,4.15,0
60,9,18.060000000000002,0
184,4,16.14,2
78,150,406.22,0
110,2,3.58,0
63,11,29.28,0
11,22,35.35,0
85,28,63.19,0
15,32,105.87,0
245,32,109.16,2
77,77,213.06,0
29,22,97.7,0
137,15,49.51,0
26,70,138.57,0
2,97,176.68,0
31,102,320.65,0
8,10,38.42,0
112,22,109.30000000000001,0
156,22,47.72,2
84,65,229.9,0
114,48,209.91000000000003,0
2,321,1283.72,0
95,308,848.6899999999999,0
193,42,77.07,2
27,83,159.35999999999999,0
128,14,60.589999999999996,0
27,84,397.28000000000003,0
81,62,233.45,0
29,514,1366.49,0
265,5,8.86,2
73,101,512.47,0
313,70,152.87,2
8,82,227.97,0
58,61,226.69,0
142,1,112.35,2
11,297,742.57,0
27,154,428.73,0
113,62,157.56,0
8,148,501.34,0
17,174,543.5,0
17,80,316.53000000000003,0
35,25,146.74,0
35,28,16.87,0
77,2,9.9,0
21,9,31.169999999999998,0
24,63,241.65,0
32,81,342.19,0
108,52,107.73,0
34,149,429.8,0
122,188,518.27,0
6,96,207.45,0
27,115,438.04,0
3,62,168.25,0
2,198,637.22,0
49,124,278.6,0
317,15,38.0,2
21,77,501.94,0
8,52,235.85999999999999,0
1,213,563.37,0
17,65,126.32,0
9,42,121.01,0
261,1,12.75,2
158,90,175.01,2
32,419,1398.88,0
28,120,279.59000000000003,0
164,12,62.0,2
46,29,54.410000000000004,0
5,131,689.33,0
7,43,201.51,0
287,9,35.7,2
317,10,13.579999999999998,2
2,38,131.96,0
232,18,79.13,2
118,7,13.79,0
161,9,15.95,2
184,31,105.29,2
49,35,116.14,0
151,250,480.04,0
334,14,55.79,2
4,134,471.6,0
15,27,57.27,0
106,23,127.85,0
15,52,262.13,0
275,24,117.75,2
15,486,1851.86,0
246,18,45.45,2
238,15,287.8,2
0,48,253.24,0
105,35,246.09,0
22,85,293.42,0
51,9,14.58,0
194,16,58.06,2
23,14,39.05,0
74,23,25.46,0
17,20,51.36,0
7,15,41.400000000000006,0
31,67,217.45,0
21,102,245.45,0
30,229,377.4,0
28,105,406.57,0
21,5,22.65,0
32,145,359.27,0
283,10,30.669999999999998,2
38,14,49.28,0
49,60,170.11,0
288,16,38.08,2
74,16,17.17,0
4,87,330.45,0
217,4,6.65,2
43,64,270.72,0
201,15,41.59,2
177,80,185.15,2
55,128,254.09,0
56,23,69.91,0
7,76,318.52,0
46,2,1.44,0
226,10,37.65,2
10,89,253.92,0
105,60,140.55,0
58,20,428.96,0
27,236,606.47,0
35,35,84.42,0
273,29,113.44,2
29,29,159.76,0
23,96,278.14,0
53,38,75.86,0
35,148,259.68,0
168,67,319.79,2
53,13,6.83,0
52,7,19.52,0
26,213,691.11,0
252,4,5.54,2
39,164,679.65,0
59,102,623.17,0
233,9,33.45,2
3,271,788.57,0
31,25,47.13,0
23,467,1153.07,0
6,62,121.85,0
64,27,79.5,0
309,48,208.9,2
308,21,54.08,2
18,47,64.49000000000001,0
15,208,359.14,0
95,47,94.42,0
263,73,270.7,2
11,536,1491.67,0
2,35,91.88,0
34,25,61.87,0
182,14,51.77,2
24,29,92.2,0
12,105,282.84,0
10,19,61.29,0
2,555,1499.41,0
312,16,63.55,2
107,40,85.91,0
0,394,1663.96,0
52,31,52.91,0
204,9,26.15,2
14,54,178.41,0
119,69,131.46,0
3,56,169.25,0
362,37,123.19,2
116,86,236.29,0
17,18,101.06,0
4,111,167.37,0
40,74,145.26,0
106,16,39.17,0
147,116,273.92,0
51,12,48.33,0
207,23,46.26,2
138,122,282.79,0
1,73,194.8,0
126,37,128.83,0
107,6,6.04,0
41,116,215.95,0
34,25,42.93,0
227,69,231.26,2
240,15,71.30000000000001,2
57,9,60.629999999999995,0
129,89,214.07999999999998,0
59,293,480.93,0
21,44,81.7,0
25,122,384.59999999999997,0
8,140,377.7,0
31,105,237.78,0
3,96,251.0,0
307,1,7.65,2
7,132,362.27,0
28,68,193.58,0
16,49,108.88,0
100,30,62.410000000000004,0
11,55,90.22,0
20,59,98.78,0
14,81,213.72,0
360,53,155.87,2
10,69,108.09,0
364,1,1.06,2
94,12,35.25,0
77,55,168.45,0
138,14,32.27,0
17,28,59.300000000000004,0
24,136,328.08,0
0,485,1341.17,0
45,11,31.14,0
99,73,273.18,0
7,99,260.59,0
14,199,287.04,0
17,49,134.53,0
279,6,9.799999999999999,2
13,33,136.27,0
22,6,26.93,0
123,1,10.95,0
85,28,49.62,0
300,12,15.3,2
150,526,1217.54,0
16,725,2033.2,0
93,9,26.57,0
8,424,1615.4,0
156,157,329.54,2
354,17,79.94,2
45,31,87.72,0
14,83,223.91,0
3,486,1173.93,0
85,1,1.06,0
14,213,361.96,0
178,8,26.54,2
7,71,173.93,0
35,27,154.59,0
128,8,11.6,0
50,16,22.509999999999998,0
311,19,21.31,2
23,44,151.72,0
302,58,158.43,2
10,15,31.56,0
16,125,356.0,0
48,29,140.18,0
238,35,104.69,2
0,409,1114.88,0
12,465,901.54,0
237,33,63.62,2
22,124,282.82,0
72,33,46.1,0
16,86,271.21,0
40,251,583.13,0
39,57,107.1,0
218,28,198.79,2
189,71,196.21,2
70,24,82.9,0
23,405,1237.62,0
10,78,105.57,0
8,110,146.61,0
64,2,17.1,0
3,49,88.78,0
18,15,48.74,0
14,45,87.74,0
7,28,45.980000000000004,0
19,76,184.85,0
77,15,70.47,0
0,224,1273.57,0
163,3,3.18,2
306,56,189.57,2
218,4,13.77,2
38,27,119.24,0
21,89,271.63,0
114,38,183.98,0
125,206,683.42,0
4,59,345.75,0
35,32,100.54,0
3,201,446.55,0
0,94,297.1,0
329,114,1026.39,2
162,2,22.7,2
184,13,99.13,2
15,64,223.33,0
11,43,177.41,0
2,66,179.59,0
43,6,2.55,0
79,14,195.53,0
29,271,635.91,0
41,30,88.25,0
10,208,864.67,0
49,30,116.44,0
15,135,226.28,0
44,28,61.38,0
18,43,114.85,0
3,272,818.23,0
71,2,8.33,0
0,343,1249.07,0
120,42,88.65,0
32,14,27.970000000000002,0
312,43,84.33,2
17,48,121.31,0
87,54,129.92,0
1,138,392.2,0
1,9,21.849999999999998,0
246,19,96.25,2
147,8,5.28,2
28,140,370.99,0
219,1,1.06,2
147,135,883.9000000000001,0
176,9,6.95,2
39,36,60.92,0
144,1,4287.63,0
1,278,975.15,0
7,350,3312.09,0
0,107,256.29,0
17,19,65.03999999999999,0
191,61,161.25,2
203,8,22.6,2
364,17,25.63,2
126,19,61.199999999999996,0
14,54,131.39000000000001,0
42,111,212.81,0
78,37,165.41,0
22,106,254.86,0
50,28,109.18,0
15,212,597.79,0
157,9,24.490000000000002,2
9,41,192.33,0
9,5,5.85,0
15,90,278.96,0
44,78,93.81,0
190,174,359.26,2
78,14,24.87,0
73,31,57.510000000000005,0
3,83,215.3,0
64,21,68.56,0
260,24,69.51,2
58,29,31.23,0
0,86,256.03,0
0,110,378.06,0
247,12,42.28,2
7,27,99.36,0
358,10,51.65,2
75,17,34.33,0
289,40,69.53,2
16,5,271.5,0
220,18,62.9,2
8,28,78.67,0
2,38,88.45,0
205,140,486.25,2
161,52,153.57,2
69,16,56.71,0
261,88,234.23,2
280,22,35.69,2
57,367,832.42,0
24,20,44.22,0
2,1076,2607.08,0
28,106,210.16,0
71,6,16.62,0
127,40,89.12,0
30,87,325.45,0
14,135,374.8,0
308,11,27.92,2
16,83,257.43,0
53,30,98.92999999999999,0
23,46,88.58,0
1,73,141.95,0
10,33,103.22999999999999,0
360,6,9.55,2
359,9,54.050000000000004,2
0,23,130.44,0
53,49,171.85999999999999,0
0,260,867.84,0
0,390,906.01,0
120,15,60.99,0
53,9,24.1,0
279,13,19.15,2
176,3,38.25,2
29,74,189.58,0
25,9,10.74,0
8,26,96.85,0
269,25,64.6,2
42,141,356.84000000000003,0
371,2,5.9,2
217,17,33.57,2
23,6,10.6,0
196,42,125.08,2
358,39,101.02,2
42,51,116.26,0
129,2,6.2,0
0,88,269.23,0
19,105,228.62,0
205,6,28.67,2
13,34,91.87,0
94,27,89.29,0
18,45,95.09,0
13,64,123.25,0
23,49,182.4,0
7,142,376.58,0
6,177,417.27,0
331,29,97.24,2
49,271,755.62,0
70,12,37.9,0
28,26,58.02,0
242,8,26.529999999999998,2
7,408,1249.99,0
190,6,6.82,2
4,52,132.5,0
252,45,97.09,2
0,451,1598.89,0
235,29,61.89,2
6,36,140.65,0
108,208,290.42,0
99,23,119.67,0
59,253,550.23,0
1,196,526.4,0
72,158,575.0,0
3,214,535.74,0
84,50,97.05,0
11,82,205.21,0
22,265,511.71,0
213,55,186.96,2
17,13,45.9,0
238,9,14.51,2
1,556,1110.31,0
49,15,1156.89,0
216,63,159.66,2
32,56,66.6,0
40,234,544.59,0
3,573,1466.57,0
52,142,390.15,0
22,313,836.72,0
56,98,218.66,0
129,14,54.75,0
173,3,7.6499999999999995,2
5,67,294.41,0
311,74,134.73,2
59,4,11.03,0
20,27,92.5,0
32,33,94.74,0
14,50,147.9,0
17,306,782.02,0
80,5,12.05,0
5,124,260.3,0
169,26,203.45000000000002,2
1,39,144.8,0
30,72,206.32,0
35,296,1105.14,0
8,24,60.74,0
30,35,120.15,0
275,7,38.6,2
86,5,12.83,0
119,40,93.73,0
372,8,32.15,2
0,169,472.51,0
218,54,255.32,2
64,7,49.68,0
60,92,511.77,0
134,53,192.97,0
20,8,15.17,0
11,239,501.24,0
24,270,927.5600000000001,0
28,50,207.42000000000002,0
276,22,69.45,2
10,93,440.02,0
72,82,227.35,0
10,23,54.08,0
3,161,651.39,0
140,38,74.62,0
25,90,358.48,0
18,43,82.42,0
3,18,34.18,0
65,117,425.15,0
0,15,110.05,0
42,68,126.32000000000001,0
227,11,28.5,2
15,61,210.6,0
43,115,393.0,0
0,219,352.67,0
73,27,20.49,0
0,721,2576.7,0
3,78,151.01,0
1,320,886.3,0
263,16,35.77,2
52,30,159.27,0
23,11,30.8,0
9,119,290.79,0
43,15,43.74,0
16,127,257.6,0
6,286,1103.64,0
29,254,1432.94,0
357,19,64.65,2
126,47,77.07000000000001,0
135,18,46.769999999999996,0
141,15,39.13,2
131,35,43.81,0
37,126,319.16,0
235,19,96.6,2
260,8,17.1,2
16,146,467.64,0
252,24,138.1,2
29,80,149.59,0
34,55,90.35,0
168,31,121.48,2
2,108,342.6,0
3,395,1714.85,0
184,5,8.850000000000001,2
187,34,106.29,2
169,7,91.05000000000001,2
10,23,56.42,0
44,29,135.29,0
320,10,20.5,2
200,1,0.85,2
22,254,643.21,0
231,6,25.15,2
37,278,1240.3,0
25,50,271.71,0
95,120,392.53,0
126,10,40.7,0
57,45,189.9,0
15,198,527.08,0
8,67,209.61,0
3,169,907.29,0
2,220,435.88,0
78,83,454.67,0
372,18,89.09,2
38,35,103.57,0
53,43,124.57,0
1,690,1512.8,0
8,26,170.48000000000002,0
8,10,24.14,0
18,99,361.14,0
11,48,215.98000000000002,0
112,15,133.43,0
3,137,122.46,0
234,8,42.15,2
99,2,12.7,0
177,35,160.71,2
4,184,124.2,0
358,1,0.42,2
0,90,85.91,0
0,741,2035.83,0
18,404,962.83,0
16,90,209.83,0
21,25,56.79,0
32,19,59.7,0
262,1,1.25,2
50,71,230.95,0
158,56,216.76,2
14,21,58.75,0
7,98,364.2,0
12,307,965.07,0
198,38,183.43,2
56,54,121.37,0
10,50,166.69,0
96,154,522.86,0
254,3,2.35,2
24,190,307.92,0
20,83,236.06,0
158,12,66.68,2
71,67,128.82,0
52,13,33.32,0
84,68,144.0,0
152,128,361.56,2
73,5,27.1,0
280,14,55.6,2
26,189,592.86,0
29,10,27.7,0
24,52,195.85999999999999,0
179,45,88.39,2
39,81,325.45,0
21,111,283.36,0
21,406,1037.06,0
36,103,225.9,0
81,147,342.05,0
73,10,22.57,0
10,43,43.91,0
15,64,897.19,0
3,849,2326.59,0
12,133,411.08,0
13,355,1245.58,0
36,17,23.98,0
3,33,301.9,0
71,49,224.48999999999998,0
190,5,24.05,2
50,13,13.9,0
4,215,516.78,0
8,82,474.14,0
298,30,77.57,2
1,23,138.3,0
32,2,5.9,0
49,61,67.81,0
2,59,99.41,0
46,24,32.78,0
41,165,635.41,0
26,132,478.1,0
41,52,87.46,0
1,7812,19956.37,1
302,37,118.59,2
106,5,4.99,0
84,1,2033.1,0
80,51,215.8,0
217,26,268.40000000000003,2
301,309,1209.66,2
11,24,56.83,0
184,15,53.79,2
372,17,30.02,2
1,17,56.55,0
2,56,559.76,0
5,197,1168.63,0
304,23,43.81,2
368,52,136.67000000000002,2
2,220,536.8,0
323,11,56.599999999999994,2
58,148,228.96,0
12,90,165.37,0
30,389,1121.3799999999999,0
142,10,34.55,2
29,70,177.74,0
106,40,246.34,0
1,271,608.74,0
204,10,21.32,2
79,45,209.47,0
184,47,189.99,2
169,12,42.49,2
43,26,58.4,0
173,6,21.83,2
364,26,64.0,2
303,8,36.25,2
2,142,327.84,0
3,113,220.38,0
11,53,113.43,0
31,102,308.15,0
128,10,52.35,0
18,79,214.18,0
211,20,71.37,2
322,91,226.24,2
161,34,24.2,2
55,28,91.7,0
224,15,33.1,2
71,192,538.44,0
43,15,28.92,0
22,2,1.78,0
172,109,337.52,2
84,28,41.48,0
158,31,75.05,2
164,11,28.3,2
28,19,101.25,0
20,35,139.63,0
70,33,127.74,0
246,12,45.9,2
373,54,143.76,2
8,39,85.06,0
309,39,165.75,2
58,58,140.67000000000002,0
3,75,152.22,0
44,92,204.44,0
87,23,49.75,0
3,665,1563.45,0
63,142,335.94,0
281,1,4.15,2
0,38,131.0,0
372,1,3.39,2
132,21,66.26,0
44,23,68.74,0
10,6,46.35,0
35,39,57.82,0
133,65,199.51,0
28,90,246.56,0
51,21,72.51,0
137,29,54.15,0
4,72,173.85999999999999,0
8,43,149.35,0
159,12,29.47,2
48,22,3994.71,0
130,2,2.51,0
7,2,3.05,0
232,20,62.89,2
36,9,8.48,0
146,1,2.49,2
0,79,727.3299999999999,0
71,72,165.21,0
39,21,47.120000000000005,0
4,481,954.68,0
198,19,106.99,2
248,1,12.75,2
65,31,41.82,0
116,7,28.28,0
170,26,44.71,2
20,249,814.79,0
141,34,57.39,2
31,98,270.67,0
37,325,1140.79,0
37,68,101.28,0
371,42,80.68,2
373,81,155.98,2
165,14,65.82,2
210,29,88.64,2
241,30,130.29,2
51,15,48.660000000000004,0
24,165,334.39,0
14,294,938.33,0
371,57,208.23,2
28,21,68.2,0
364,12,28.36,2
35,139,333.51,0
165,30,66.11,2
144,48,99.2,2
21,21,102.2,0
55,1,2.08,0
184,13,11.82,2
11,39,203.55,0
236,29,67.35000000000001,2
224,5,24.55,2
121,82,200.05,0
281,2,3.37,2
73,178,286.32,0
36,91,260.86,0
11,57,162.49,0
361,37,99.06,2
3,53,167.93,0
22,22,71.04,0
69,30,114.0,0
234,32,125.00999999999999,2
256,14,70.2,2
372,28,66.11,2
154,31,36.28,2
27,30,89.58,0
3,46,58.69,0
31,122,409.57,0
80,3,5.23,0
107,29,110.53,0
51,5,28.55,0
35,164,287.17,0
152,22,58.49,2
98,21,58.64,0
3,10,70.3,0
333,5,9.35,2
64,33,59.29,0
21,110,145.26,0
35,49,123.23,0
31,94,179.14000000000001,0
153,19,68.37,2
18,19,58.35,0
11,460,907.6,0
53,7,38.15,0
24,115,341.2,0
3,128,542.9,0
44,43,111.46,0
202,7,10.5,2
358,5,11.55,2
65,21,34.66,0
6,361,1454.01,0
287,19,71.4,2
9,3,5.39,0
8,21,39.84,0
21,46,230.48000000000002,0
172,27,121.21,2
132,7,15.73,0
5,138,573.39,0
74,10,34.3,0
39,37,104.82,0
288,1,16.95,2
25,459,1019.3100000000001,0
257,25,74.95,2
154,36,43.589999999999996,2
113,75,282.66,0
373,13,62.150000000000006,2
22,153,544.29,0
7,223,405.0,0
216,29,86.58,2
44,123,111.96,0
18,2,3.8,0
35,17,65.28,0
25,70,151.61,0
15,2,3.24,0
329,29,82.5,2
273,7,10.36,2
97,7,857.87,0
60,37,80.01,0
1,90,332.26,0
92,38,63.07,0
81,70,150.87,0
312,21,55.0,2
11,196,445.91,0
7,107,322.7,0
126,19,40.64,0
10,40,104.55,0
0,433,5159.7300000000005,0
36,38,142.84,0
37,18,40.18,0
329,37,144.7,2
248,19,86.45,2
1,451,2243.23,0
18,40,117.44,0
11,26,111.52,0
368,1,1.06,2
289,28,154.95,2
67,371,885.44,0
25,72,89.07,0
10,1268,3265.74,0
367,29,83.05,2
213,17,68.55,2
148,31,58.03,2
7,357,827.13,0
23,34,48.74,0
29,193,426.6,0
60,52,104.78,0
18,46,147.69,0
242,14,40.95,2
8,71,167.82,0
210,2,0.85,2
28,20,46.15,0
62,39,107.43,0
294,8,50.05,2
16,162,241.41,0
360,1,2.95,2
150,18,27.57,2
116,61,166.43,0
7,43,190.51,0
12,221,398.12,0
140,10,19.5,2
45,7,9.08,0
50,16,44.04,0
31,37,85.97,0
134,38,121.55,0
2,21,59.35,0
74,28,72.81,0
12,122,360.73,0
8,35,45.66,0
300,23,115.1,2
56,39,142.63,0
9,81,294.16,0
30,25,105.92,0
176,10,12.38,2
3,43,156.28,0
175,139,455.78,2
60,9,33.2,0
32,38,161.4,0
58,56,286.86,0
14,197,619.69,0
86,31,83.88,0
6,1,2.08,0
353,33,97.4,2
30,74,140.64,0
113,99,246.23,0
8,90,248.49,0
4,119,247.62,0
23,41,151.97,0
217,44,155.31,2
14,1,0.83,0
248,17,61.65,2
14,72,178.11,0
77,69,226.34,0
191,16,68.89,2
261,7,28.150000000000002,2
71,45,180.33,0
150,18,74.42,2
63,9,12.57,0
94,139,308.77,0
3,166,390.97,0
105,30,55.79,0
199,68,275.54,2
156,19,87.08,2
70,194,509.81,0
35,32,146.56,0
28,8,25.95,0
1,134,482.01,0
25,42,102.98,0
325,34,99.13,2
236,15,22.52,2
88,13,38.91,0
30,26,128.32,0
28,31,64.73,0
205,23,43.55,2
2,115,495.73,0
219,4,4.62,2
21,65,170.82,0
92,19,61.86,0
1,299,889.99,0
263,10,30.6,2
2,284,759.49,0
38,245,543.97,0
217,5,43.25,2
49,32,130.33,0
11,164,758.76,0
8,89,204.08,0
191,125,464.52,2
81,40,148.32,0
325,1,110.0,2
71,104,223.23,0
29,49,164.8,0
2,61,180.42,0
218,88,252.73,2
45,6,23.57,0
9,105,342.14,0
71,78,255.83,0
6,177,469.27,0
23,4,18.84,0
113,49,197.17000000000002,0
16,8,12.83,0
300,22,86.27,2
86,16,12.35,0
50,94,299.5,0
88,6,10.3,0
354,4,3.0,2
38,123,421.08,0
24,42,136.9,0
172,139,510.64,2
42,21,64.74,0
139,13,14.6,2
22,62,60.61,0
71,46,241.34,0
133,2,25.5,0
357,8,27.1,2
37,13,59.1,0
2,170,391.16,0
1,3,7.6499999999999995,0
17,22,80.78,0
20,16,47.25,0
57,9,37.88,0
73,9,29.55,0
277,10,47.65,2
180,7,39.36,2
7,13,62.68,0
3,721,1174.33,0
42,70,104.55,0
